Petal,Rarity,Image,ID,Count,Stack,Damage,Health,Primary Respawn,Usage Respawn,DPS,Special Stat Name,Special Stat 1,Special Stat 2,Special Stat 3,Attack Action,Defend Action,Notes,Mob Drops,Modifiable Stats,Formulas,,,,,
Air,Common,,48,N/A,No,N/A,N/A,N/A,N/A,N/A,Extra Radius,8,N/A,,None,None,"Does not orbit the user.
Increases flower hitbox and petal radius (range is not increased relative to the flower). The flower will not grow if near a wall. Disables flower collisions for the user near portals. Decreases the pulling effect from super sandstorms.",Bubble,,1,1,1,#VALUE!,#VALUE!,8
,Unusual,,,N/A,,N/A,N/A,N/A,N/A,N/A,,16,,,,,,,,2,2,1,#VALUE!,#VALUE!,
,Rare,,,N/A,,N/A,N/A,N/A,N/A,N/A,,24,,,,,,,,3,3,1,#VALUE!,#VALUE!,
,Epic,,,N/A,,N/A,N/A,N/A,N/A,N/A,,32,,,,,,,,4,4,1,#VALUE!,#VALUE!,
,Legendary,,,N/A,,N/A,N/A,N/A,N/A,N/A,,40,,,,,,,,5,5,1,#VALUE!,#VALUE!,
,Mythic,,,N/A,,N/A,N/A,N/A,N/A,N/A,,48,,,,,,,,6,6,1,#VALUE!,#VALUE!,
,Ultra,,,N/A,,N/A,N/A,N/A,N/A,N/A,,56,,,,,,,,,7,1,#VALUE!,#VALUE!,
,Super,,,N/A,,N/A,N/A,N/A,N/A,N/A,,64,,,,,,,,,8,1,#VALUE!,#VALUE!,
,Unique,,,N/A,,N/A,N/A,N/A,N/A,N/A,,72,,,,,,,Enemy Armor,,9,1,#VALUE!,#VALUE!,
Amulet,Common,,70,1,Yes,0,10,2,N/A,0,Overheal Conversion,5%,N/A,,None,Close,"Any health healed over maximum gets converted to shield. Stacks additively. If Roses or Dahlias are equipped, they will comtinue to heal at full HP.",Termite Egg,0,,,0,0,1,
,Unusual,,,1,,0,30,2,N/A,0,,10%,,,,,,,,,,0,0,1,
,Rare,,,1,,0,90,2,N/A,0,,15%,,,,,,,,,,0,0,1,
,Epic,,,1,,0,270,2,N/A,0,,20%,,,,,,,,,,0,0,1,
,Legendary,,,1,,0,810,2,N/A,0,,25%,,,,,,,,,,0,0,1,
,Mythic,,,1,,0,2430,2,N/A,0,,30%,,,,,,,,,,0,0,1,
,Ultra,,,1,,0,7290,2,N/A,0,,35%,,,,,,,,,,1,2.916,2.916,
,Super,,,1,,0,21870,2,N/A,0,,40%,,,,,,,,,,1,8.748,8.748,
,Unique,,,1,,0,65610,2,N/A,0,,45%,,,,,,,,,,1,26.244,26.244,
Ankh,Common,,66,1,Yes,0,10,0.0,0.5,0,N/A,,,,Far - Lays down,Close - Lays down,"Large hitbox. Only works when laid down. Upon being destroyed or the petal being unequipped, the flower teleports back to where the petal was and the petal goes on respawn.","Beetle (Normal)
Beetle (Nazar)",,1,,0,0,1,
,Unusual,,,1,,0,30,0.0,0.5,0,,,,,,,,,,2,,0,0,1,
,Rare,,,1,,0,90,0.0,0.5,0,,,,,,,,,,3,,0,0,1,
,Epic,,,1,,0,270,0.0,0.5,0,,,,,,,,,,4,,0,0,1,
,Legendary,,,1,,0,810,0.0,0.5,0,,,,,,,,,,5,,0,0,1,
,Mythic,,,1,,0,2430,0.0,0.5,0,,,,,,,,,,6,,0,0,1,
,Ultra,,,1,,0,7290,0.0,0.5,0,,,,,,,,,,,,1,2.916,2.916,
,Super,,,1,,0,21870,0.0,0.5,0,,,,,,,,,,,,1,8.748,8.748,
,Unique,,,1,,0,65610,0.0,0.5,0,,,,,,,,,Reload Skills,,,1,26.244,26.244,
Antennae,Common,,17,N/A,No*,N/A,N/A,N/A,N/A,N/A,Extra Vision,11.1%,N/A,,None,None,"Does not orbit the user.
Appears on the user's head. This change is visible in the top left UI. Grants a bonus to the user's FoV. Does not stack with Antennae talent. Does not stack with Mecha Antennae, assumes the higher FoV when stacked with it anyways","Hornet
Roach
Wasp",0,3,3,1,#VALUE!,#VALUE!,0.16
,Unusual,,,N/A,,N/A,N/A,N/A,N/A,N/A,,17.6%,,,,,,,1,9,9,1,#VALUE!,#VALUE!,
,Rare,,,N/A,,N/A,N/A,N/A,N/A,N/A,,25.0%,,,,,,,,27,27,1,#VALUE!,#VALUE!,
,Epic,,,N/A,,N/A,N/A,N/A,N/A,N/A,,33.3%,,,,,,,,81,81,1,#VALUE!,#VALUE!,
,Legendary,,,N/A,,N/A,N/A,N/A,N/A,N/A,,42.9%,,,,,,,,243,243,1,#VALUE!,#VALUE!,
,Mythic,,,N/A,,N/A,N/A,N/A,N/A,N/A,,100.0%,,,,,,,,729,729,1,#VALUE!,#VALUE!,
,Ultra,,,N/A,,N/A,N/A,N/A,N/A,N/A,,185.7%,,,,,,,,2187,2187,1,#VALUE!,#VALUE!,
,Super,,,N/A,,N/A,N/A,N/A,N/A,N/A,,400.0%,,,,,,,,6561,6561,1,#VALUE!,#VALUE!,
,Unique,,,N/A,,N/A,N/A,N/A,N/A,N/A,,900.0%,,,,,,,,,,1,#VALUE!,#VALUE!,
Mecha Antennae,Common,,100,N/A,No*,N/A,N/A,N/A,N/A,N/A,Extra Vision,7.8%,Mecha Missile Homing,Common,None,None,"Does not orbit the user.
Appears on the user's head. This change is visible in the top left UI. Grants a bonus to the user's FoV. Allows Mecha missiles of the same rarity to home at opponents. Does not stack with Antennae talent. Does not stack with Mecha Antennae, assumes the higher FoV when stacked with it anyways",Mecha Wasp,0,3,3,1,#VALUE!,#VALUE!,0.16
,Unusual,,,N/A,,N/A,N/A,N/A,N/A,N/A,,12.4%,,Unusual,,,,,1,9,9,1,#VALUE!,#VALUE!,
,Rare,,,N/A,,N/A,N/A,N/A,N/A,N/A,,17.5%,,Rare,,,,,,27,27,1,#VALUE!,#VALUE!,
,Epic,,,N/A,,N/A,N/A,N/A,N/A,N/A,,23.3%,,Epic,,,,,,81,81,1,#VALUE!,#VALUE!,
,Legendary,,,N/A,,N/A,N/A,N/A,N/A,N/A,,30.0%,,Legendary,,,,,,243,243,1,#VALUE!,#VALUE!,
,Mythic,,,N/A,,N/A,N/A,N/A,N/A,N/A,,70.0%,,Mythic,,,,,,729,729,1,#VALUE!,#VALUE!,
,Ultra,,,N/A,,N/A,N/A,N/A,N/A,N/A,,130.0%,,Ultra,,,,,,2187,2187,1,#VALUE!,#VALUE!,
,Super,,,N/A,,N/A,N/A,N/A,N/A,N/A,,280.0%,,Super,,,,,,6561,6561,1,#VALUE!,#VALUE!,
,Unique,,,N/A,,N/A,N/A,N/A,N/A,N/A,,630.0%,,Unique,,,,,,,,1,#VALUE!,#VALUE!,
Bandage,Common,,103,N/A,No,N/A,N/A,N/A,N/A,N/A,Ressurection Duration (seconds);,1,N/A,,N/A,N/A,"Upon death, allows you to live and remain invulnerable after a set amount of time. After that time is up, you instantly die, and you cannot be revived for 30 seconds.",Beetle (Zombie),,,,,,,
,Unusual,,,N/A,,N/A,N/A,N/A,N/A,N/A,,1.4,,,,,,,,,,,,,
,Rare,,,N/A,,N/A,N/A,N/A,N/A,N/A,,2.0,,,,,,,,,,,,,
,Epic,,,N/A,,N/A,N/A,N/A,N/A,N/A,,2.7,,,,,,,,,,,,,
,Legendary,,,N/A,,N/A,N/A,N/A,N/A,N/A,,3.8,,,,,,,,,,,,,
,Mythic,,,N/A,,N/A,N/A,N/A,N/A,N/A,,5.4,,,,,,,,,,,,,
,Ultra,,,N/A,,N/A,N/A,N/A,N/A,N/A,,7.5,,,,,,,,,,,,,
,Super,,,N/A,,N/A,N/A,N/A,N/A,N/A,,10.5,,,,,,,,,,,,,
,Unique,,,N/A,,N/A,N/A,N/A,N/A,N/A,,14.8,,,,,,,,,,,,,
Basic,Common,,1,1,Yes,10,10,2.5,N/A,3.759,Score Required (Not listed in game),N/A,N/A,,Far,Close,"5 commons are provided upon for free when first playing or if no petals are equipped when spawning. Common basics do not appear in the inventory.
The minimum drop rarity for basics is unusual. They drop from players depending on their XP upon death. Both the person who died and the person who collects the drop obtain it. Basic drops are available for everyone, not just the highest damage dealer. They can only be picked up once and are not shared between squadmates.",Flower,0,3,3,0,0,1,
,Unusual,,,1,,30,30,2.5,N/A,11.278,,20,,,,,,,1,9,9,0,0,1,
,Rare,,,1,,90,90,2.5,N/A,33.835,,180,,,,,,,,27,27,0,0,1,
,Epic,,,1,,270,270,2.5,N/A,304.511,,2700,,,,,,,,81,81,0,0,1,
,Legendary,,,1,,810,810,2.5,N/A,2740.602,,72000,,,,,,,,243,243,0,0,1,
,Mythic,,,1,,2430,2430,2.5,N/A,22838.346,,6600000,,,,,,,,729,729,0,0,1,
,Ultra,,,1,,7290,7290,2.5,N/A,95308.644,,N/A,,,,,,,,2187,2187,1,2.916,2.916,
,Super,,,1,,21870,21870,2.5,N/A,419264.464,,N/A,,,,,,,,6561,6561,1,8.748,8.748,
,Unique,,,1,,65610,65610,2.5,N/A,1489299.785,,N/A,,,,,,,Enemy Damage,,,1,26.244,26.244,
Basil,Common,,49,1,Yes,N/A,N/A,1,N/A,N/A,Healing Bonus,20%,N/A,,None,Close,Increases all healing received from yourself or other players. See Statuses for info on healing received.,"Queen Ant
Queen Fire Ant",100,2,2,1,#VALUE!,#VALUE!,
,Unusual,,,1,,N/A,N/A,1,N/A,N/A,,25%,,,,,,,,4,4,1,#VALUE!,#VALUE!,
,Rare,,,1,,N/A,N/A,1,N/A,N/A,,30%,,,,,,,,8,8,1,#VALUE!,#VALUE!,
,Epic,,,1,,N/A,N/A,1,N/A,N/A,,35%,,,,,,,,16,16,1,#VALUE!,#VALUE!,
,Legendary,,,1,,N/A,N/A,1,N/A,N/A,,40%,,,,,,,,32,32,1,#VALUE!,#VALUE!,
,Mythic,,,1,,N/A,N/A,1,N/A,N/A,,45%,,,,,,,,64,64,1,#VALUE!,#VALUE!,
,Ultra,,,1,,N/A,N/A,1,N/A,N/A,,50%,,,,,,,,128,128,1,#VALUE!,#VALUE!,
,Super,,,1,,N/A,N/A,1,N/A,N/A,,55%,,,,,,,,256,256,1,#VALUE!,#VALUE!,
,Unique,,,1,,N/A,N/A,1,N/A,N/A,,60%,,,,,,,,,,1,#VALUE!,#VALUE!,
Battery,Common,,69,1,Yes,N/A,N/A,2.5,N/A,28.8,Lightning; Bounces; Charges,12,2,3,None,Close,"Releases a lightning attack when an enemy or projectile makes contact with the flower. Lightning can bounce to nearby enemies up to the indicated number of times by the bounce stat. All entities struck by it have their velocity set to 0 for an instant. Each lightning attack depletes 1 charge from the petal. When charge runs out, the petal goes on respawn.","Firefly
Firefly (shiny)",,2,2,1,#VALUE!,#VALUE!,
,Unusual,,,1,,N/A,N/A,2.5,N/A,129.6,,36,3,3,,,,,,4,4,1,#VALUE!,#VALUE!,
,Rare,,,1,,N/A,N/A,2.5,N/A,518.4,,108,4,3,,,,,,8,8,1,#VALUE!,#VALUE!,
,Epic,,,1,,N/A,N/A,2.5,N/A,1944,,324,5,3,,,,,,16,16,1,#VALUE!,#VALUE!,
,Legendary,,,1,,N/A,N/A,2.5,N/A,6998.4,,972,6,3,,,,,,32,32,1,#VALUE!,#VALUE!,
,Mythic,,,1,,N/A,N/A,2.5,N/A,24494.4,,2916,7,3,,,,,,64,64,1,#VALUE!,#VALUE!,
,Ultra,,,1,,N/A,N/A,2.5,N/A,83980.8,,8748,8,3,,,,,,128,128,1,#VALUE!,#VALUE!,
,Super,,,1,,N/A,N/A,2.5,N/A,283435.2,,26244,9,3,,,,,,256,256,1,#VALUE!,#VALUE!,
,Unique,,,1,,N/A,N/A,2.5,N/A,944784,,78732,10,3,,,,,,,,1,#VALUE!,#VALUE!,
Blueberries,Common,,82,4,Yes,0,5,1.5,0.5,60,Lightning,30,N/A,,Shoots,Shoots,"Upon attacking or defending, splits off in 4 (or 5 with duplicator) directions at 90 (72 with duplicator) degree angles, moving in a straight line away from their release point. The peas' orientation does not affect the direction it moves.
The petal's lightning can bypass armor but does not bounce.
Projectile damage is divided by 5 if not shot.
Cannot go through walls.","With Orb equipped:
Centipede (Green)
Centipede (Evil)",,,,0,0,1,
,Unusual,,,4,,0,15,3,0.5,180,,90,,,,,,,,,,0,0,1,
,Rare,,,4,,0,45,6,0.5,540,,270,,,,,,,,,,0,0,1,
,Epic,,,4,,0,135,12,0.5,1620,,810,,,,,,,,,,0,0,1,
,Legendary,,,4,,0,405,24,0.5,4860,,2430,,,,,,,,,,0,0,1,
,Mythic,,,4,,0,1215,48,0.5,14580,,7290,,,,,,,,,,0,0,1,
,Ultra,,,4,,0,3645,96,0.5,43740,,21870,,,,,,,,,,1,1.458,1.458,
,Super,,,4,,0,10935,192,0.5,131220,,65610,,,,,,,,,,1,4.374,4.374,
,Unique,,,4,,0,32805,384,0.5,393660,,196830,,,,,,,,,,1,13.122,13.122,
Bone,Common,,58,1,Yes,15,10,2.5,N/A,5.639,Armor,3,N/A,,Far,Close,Petal has armor. See Statuses for info on armor.,Fire Soldier Ant,,,,0,0,1,
,Unusual,,,1,,45,30,2.5,N/A,16.917,,9,,,,,,,,,,0,0,1,
,Rare,,,1,,135,90,2.5,N/A,101.504,,27,,,,,,,,,,0,0,1,
,Epic,,,1,,405,270,2.5,N/A,2283.835,,81,,,,,,,,,,0,0,1,
,Legendary,,,1,,1215,810,2.5,N/A,11419.173,,243,,,,,,,,,,0,0,1,
,Mythic,,,1,,3645,2430,2.5,N/A,34257.519,,729,,,,,,,,,,0,0,1,
,Ultra,,,1,,10935,7290,2.5,N/A,142962.966,,2187,,,,,,,,,,1,2.916,2.916,
,Super,,,1,,32805,21870,2.5,N/A,628896.695,,6561,,,,,,,,,,1,8.748,8.748,
,Unique,,,1,,98415,65610,2.5,N/A,2233949.678,,19683,,,,,,,,,,1,26.244,26.244,
Bubble,Common,,13,1,Yes,0,1,2,0.7,0,N/A,,,,None,Speed Boost,"Upon defending, boosts your flower in the direction opposite the bubble is facing. Petal goes on respawn afterward.","With no Orb equipped:
Bubble",,,,0,0,1,
,Unusual,,,1,,0,1,1.8,0.6,0,,,,,,,,,,,,0,0,1,
,Rare,,,1,,0,1,1.5,0.5,0,,,,,,,,,,,,0,0,1,
,Epic,,,1,,0,1,1.2,0.4,0,,,,,,,,,,,,0,0,1,
,Legendary,,,1,,0,1,1,0.3,0,,,,,,,,,,,,0,0,1,
,Mythic,,,1,,0,1,0.8,0.2,0,,,,,,,,,,,,0,0,1,
,Ultra,,,1,,0,1,0.5,0.1,0,,,,,,,,,,,,0,0,1,
,Super,,,1,,0,1,0.2,0.1,0,,,,,,,,,,,,0,0,1,
,Unique,,,1,,0,1,0.1,0,0,,,,,,,,,,,,0,0,1,
Magic Bubble,Common,,91,1,Yes,0,1,2,0.7,0,Mana Respawn (Mana needed for recharge),5,N/A,,None,Speed Boost,"Upon defending, boosts your flower in the direction it is moving (regardless of the petal's location). Boost strength is determined the same way as normal bubbles are, but the boost will always be in the direction the user is moving. Petal goes on respawn afterward.","With Orb equipped:
Bubble",,,,0,0,1,
,Unusual,,,1,,0,1,1.8,0.6,0,,10,,,,,,,,,,0,0,1,
,Rare,,,1,,0,1,1.5,0.5,0,,20,,,,,,,,,,0,0,1,
,Epic,,,1,,0,1,1.2,0.4,0,,40,,,,,,,,,,0,0,1,
,Legendary,,,1,,0,1,1,0.3,0,,80,,,,,,,,,,0,0,1,
,Mythic,,,1,,0,1,0.8,0.2,0,,160,,,,,,,,,,0,0,1,
,Ultra,,,1,,0,1,0.5,0.1,0,,320,,,,,,,,,,0,0,1,
,Super,,,1,,0,1,0.2,0.1,0,,640,,,,,,,,,,0,0,1,
,Unique,,,1,,0,1,0.1,0.1,0,,1280,,,,,,,,,,0,0,1,
Light Bulb,Common,,55,1,Yes,5,10,1,0.5,4.31,Radius,300,N/A,,None,Close,"Makes all mobs near the player that can be aggroed with proximity or damage aggressive toward the player, if not already aggroed. ","Firefly
Moth",,,,0,0,1,
,Unusual,,,1,,15,30,1,0.5,12.931,,600,,,,,,,,,,0,0,1,
,Rare,,,1,,45,90,1,0.5,38.793,,900,,,,,,,,,,0,0,1,
,Epic,,,1,,135,270,1,0.5,349.138,,1200,,,,,,,,,,0,0,1,
,Legendary,,,1,,405,810,1,0.5,3142.241,,1500,,,,,,,,,,0,0,1,
,Mythic,,,1,,1215,2430,1,0.5,26185.345,,1800,,,,,,,,,,0,0,1,
,Ultra,,,1,,3645,7290,1,0.5,65191.487,,2100,,,,,,,,,,1,2.916,2.916,
,Super,,,1,,10935,21870,1,0.5,241369.045,,2400,,,,,,,,,,1,8.748,8.748,
,Unique,,,1,,32805,65610,1,0.5,785409.448,,2700,,,,,,,,,,1,26.244,26.244,
Bur,Common,,64,1,Yes,5,5,2,N/A,3.009,Armor Debuff; Duration,1.5,3,N/A,Far,Close,"Decreases armor upon hitting an enemy. Does not stack, though repeated hits will reset the duration. See Statuses for info on armor.",Mantis,,,,0,0,1,
,Unusual,,,1,,15,15,2,N/A,9.028,,4.5,3,,,,,,,,,0,0,1,
,Rare,,,1,,45,45,2,N/A,27.083,,13.5,3,,,,,,,,,0,0,1,
,Epic,,,1,,135,135,2,N/A,162.5,,40.5,3,,,,,,,,,0,0,1,
,Legendary,,,1,,405,405,2,N/A,1218.75,,121.5,3,,,,,,,,,0,0,1,
,Mythic,,,1,,1215,1215,2,N/A,9506.25,,364.5,3,,,,,,,,,0,0,1,
,Ultra,,,1,,3645,3645,2,N/A,47738.619,,1093.5,3,,,,,,,,,1,1.458,1.458,
,Super,,,1,,10935,10935,2,N/A,237904.029,,3280.5,3,,,,,,,,,1,4.374,4.374,
,Unique,,,1,,32805,32805,2,N/A,915468.154,,9841.5,3,,,,,,,,,1,13.122,13.122,
Cactus,Common,,11,1,Yes,5,15,1,N/A,4.31,Flower Health,30,N/A,,Far,Close,Increases the Max Health of the user. See Statuses for more info on Max Health.,Cactus,,,,0,0,1,
,Unusual,,,1,,15,45,1,N/A,12.931,,90,,,,,,,,,,0,0,1,
,Rare,,,1,,45,135,1,N/A,77.586,,270,,,,,,,,,,0,0,1,
,Epic,,,1,,135,405,1,N/A,581.897,,810,,,,,,,,,,0,0,1,
,Legendary,,,1,,405,1215,1,N/A,4538.793,,2430,,,,,,,,,,0,0,1,
,Mythic,,,1,,1215,3645,1,N/A,16916.253,,7290,,,,,,,,,,1,1.458,1.458,
,Ultra,,,1,,3645,10935,1,N/A,72023.988,,21870,,,,,,,,,,1,4.374,4.374,
,Super,,,1,,10935,32805,1,N/A,251171.177,,65610,,,,,,,,,,1,13.122,13.122,
,Unique,,,1,,32805,98415,1,N/A,796650.07,,196830,,,,,,,,,,1,39.366,39.366,
Magic Cactus,Common,,86,1,Yes,5,15,1,N/A,4.31,Max Mana,247.5,N/A,,Far,Close,Increases the Max Mana of the user.,Cactus,,,,0,0,1,
,Unusual,,,1,,15,45,1,N/A,12.931,,495,,,,,,,,,,0,0,1,
,Rare,,,1,,45,135,1,N/A,77.586,,990,,,,,,,,,,0,0,1,
,Epic,,,1,,135,405,1,N/A,581.897,,1980,,,,,,,,,,0,0,1,
,Legendary,,,1,,405,1215,1,N/A,4538.793,,3960,,,,,,,,,,0,0,1,
,Mythic,,,1,,1215,3645,1,N/A,16916.253,,7920,,,,,,,,,,1,1.458,1.458,
,Ultra,,,1,,3645,10935,1,N/A,72023.988,,15840,,,,,,,,,,1,4.374,4.374,
,Super,,,1,,10935,32805,1,N/A,251171.177,,31680,,,,,,,,,,1,13.122,13.122,
,Unique,,,1,,32805,98415,1,N/A,796650.07,,63360,,,,,,,,,,1,39.366,39.366,
Card,Common,,76,1,Yes,5/10/15/20,30/25/20/15,2.5,0.5,#VALUE!,N/A,,,,Far,Close,"Each reload, the petal appears with a different suit. Each suit has different damage and health and has an equal chance of appearing.
On a Unique card, every suit is replaced with a Joker. This has no effect on its stats. 
For the petal stats, the order of the suits is Spades/Clubs/Hearts/Diamonds.","Gambler
Spider (Hel)",,20,15,1,#VALUE!,#VALUE!,
,Unusual,,,1,,15/30/45/60,90/75/60/45,2.5,0.5,#VALUE!,,,,,,,,,,60,45,1,#VALUE!,#VALUE!,
,Rare,,,1,,45/90/135/180,"270/225/
180/135",2.5,0.5,#VALUE!,,,,,,,,,,180,135,1,#VALUE!,#VALUE!,
,Epic,,,1,,"135/270/
405/540","810/675/
540/405",2.5,0.5,#VALUE!,,,,,,,,,,540,405,1,#VALUE!,#VALUE!,
,Legendary,,,1,,"405/810/
1215/1620","2430/2025/
1620/1215",2.5,0.5,#VALUE!,,,,,,,,,,1620,1215,1,#VALUE!,#VALUE!,
,Mythic,,,1,,"1215/2430/
3645/4860","7290/6075/
4860/3645",2.5,0.5,#VALUE!,,,,,,,,,,4860,3645,1,#VALUE!,#VALUE!,
,Ultra,,,1,,"3645/7290/
10935/14580","21870/18225/
14580/10935",2.5,0.5,#VALUE!,,,,,,,,,,14580,10935,1,#VALUE!,#VALUE!,
,Super,,,1,,"10935/21870/
32805/43740","65610/54675/
43740/32805",2.5,0.5,#VALUE!,,,,,,,,,,43740,32805,1,#VALUE!,#VALUE!,
,Unique,,,1,,32805/65610/98415/131220,"196830/
164025/
131220/98415",2.5,0.5,#VALUE!,,,,,,,,,,,,1,#VALUE!,#VALUE!,
Carrot,Common,,57,1,Yes,10,10,2.5,0.5,3.759,N/A,,,,Shoots,Close,"Upon attacking, shoots in a straight line away from the flower. If it hits a wall or mob, it will bounce off of it.",Baby Termite,,,,0,0,1,
,Unusual,,,1,,30,30,2.5,0.5,11.278,,,,,,,,,,,,0,0,1,
,Rare,,,1,,90,90,2.5,0.5,33.835,,,,,,,,,,,,0,0,1,
,Epic,,,1,,270,270,2.5,0.5,304.511,,,,,,,,,,,,0,0,1,
,Legendary,,,1,,810,810,2.5,0.5,2740.602,,,,,,,,,,,,0,0,1,
,Mythic,,,1,,2430,2430,2.5,0.5,22838.346,,,,,,,,,,,,0,0,1,
,Ultra,,,1,,7290,7290,2.5,0.5,95308.644,,,,,,,,,,,,1,2.916,2.916,
,Super,,,1,,21870,21870,2.5,0.5,419264.464,,,,,,,,,,,,1,8.748,8.748,
,Unique,,,,,65610,65610,2.5,0.5,0,,,,,,,,,,,,1,26.244,26.244,
Cogwheel,Common,,98,1,Yes,13,13,2.5,N/A,4.887,N/A,,,,Far,Close,Makes all of your petals move in cycles. Amount of time between each cycle depends on petal rotation speed,Mecha Flower,,,,0,0,1,
,Unusual,,,1,,39,39,2.5,N/A,14.662,,,,,,,,,,,,0,0,1,
,Rare,,,1,,117,117,2.5,N/A,87.97,,,,,,,,,,,,0,0,1,
,Epic,,,1,,351,351,2.5,N/A,527.82,,,,,,,,,,,,0,0,1,
,Legendary,,,1,,1053,1053,2.5,N/A,4354.511,,,,,,,,,,,,0,0,1,
,Mythic,,,1,,3159,3159,2.5,N/A,25433.992,,,,,,,,,,,,1,1.2636,1.2636,
,Ultra,,,1,,9477,9477,2.5,N/A,139228.513,,,,,,,,,,,,1,3.7908,3.7908,
,Super,,,1,,28431,28431,2.5,N/A,576039.566,,,,,,,,,,,,1,11.3724,11.3724,
,Unique,,,,,85293,85293,2.5,N/A,0,,,,,,,,,,,,1,34.1172,34.1172,
Poker Chip,Common,,75,1,Yes,5,1,2.5,N/A,7.519,Petal Evasion,90%,N/A,,Far,Close,"The petal has a different color depending on rarity. This is reflected in the petal icon. Common is White, Unusual is Red, Rare is Blue, Epic is Green, Legendary is Black, Mythic is Purple, Ultra is Gold, Super is Grey and Unique is Orange.
The petal has a 90% of evading incoming damage each tick.
This petal may be inserted into the plinko minigame when in Hel.","Centipede (Hel)
Gambler
Wasp (Hel)",,,,0,0,1,4
,Unusual,,,1,,15,3,2.5,N/A,22.556,,90%,,,,,,,,,,0,0,1,
,Rare,,,1,,45,9,2.5,N/A,67.669,,90%,,,,,,,,,,0,0,1,
,Epic,,,1,,135,27,2.5,N/A,203.008,,90%,,,,,,,,,,0,0,1,
,Legendary,,,1,,405,81,2.5,N/A,609.023,,90%,,,,,,,,,,0,0,1,
,Mythic,,,1,,1215,243,2.5,N/A,5481.203,,90%,,,,,,,,,,0,0,1,
,Ultra,,,1,,3645,729,2.5,N/A,43849.624,,90%,,,,,,,,,,0,0,1,
,Super,,,1,,10935,2187,2.5,N/A,361759.398,,90%,,,,,,,,,,0,0,1,
,Unique,,,1,,32805,6561,2.5,N/A,1629199.947,,90%,,,,,,,,,,1,2.6244,2.6244,
Claw,Common,,35,1,Yes,5,10,3.5,N/A,1.366,Extra Damage,100,N/A,,Far,Close,"Deals more damage on top of base damage, as determined by the extra damage stat, if the target is above 80% health. Otherwise deals base damage. Damage is reduced by 50% versus flowers. Base damage is calculated after extra damage.",Crab,,,,0,0,1,
,Unusual,,,1,,15,30,3.5,N/A,4.098,,300,,,,,,,,,,0,0,1,
,Rare,,,1,,45,90,3.5,N/A,12.295,,900,,,,,,,,,,0,0,1,
,Epic,,,1,,135,270,3.5,N/A,110.656,,2700,,,,,,,,,,0,0,1,
,Legendary,,,1,,405,810,3.5,N/A,995.902,,8100,,,,,,,,,,0,0,1,
,Mythic,,,1,,1215,2430,3.5,N/A,8299.18,,24300,,,,,,,,,,0,0,1,
,Ultra,,,1,,3645,7290,3.5,N/A,40407.619,,72900,,,,,,,,,,1,2.916,2.916,
,Super,,,1,,10935,21870,3.5,N/A,192737.307,,218700,,,,,,,,,,1,8.748,8.748,
,Unique,,,1,,32805,65610,3.5,N/A,719748.545,,656100,,,,,,,,,,1,26.244,26.244,
Clover,Common,,46,1,No,10,10,2.5,N/A,3.759,Luck,0.1,N/A,,None,Close,Increases the luck stat. See Statuses for more info on Luck.,Soldier Ant,,,,0,0,1,
,Unusual,,,1,,30,30,2.5,N/A,11.278,,0.2,,,,,,,,,,0,0,1,
,Rare,,,1,,90,90,2.5,N/A,33.835,,0.3,,,,,,,,,,0,0,1,
,Epic,,,1,,270,270,2.5,N/A,304.511,,0.4,,,,,,,,,,0,0,1,
,Legendary,,,1,,810,810,2.5,N/A,2740.602,,0.5,,,,,,,,,,0,0,1,
,Mythic,,,1,,2430,2430,2.5,N/A,22838.346,,0.6,,,,,,,,,,0,0,1,
,Ultra,,,1,,7290,7290,2.5,N/A,95308.644,,0.7,,,,,,,,,,1,2.916,2.916,
,Super,,,1,,21870,21870,2.5,N/A,419264.464,,0.8,,,,,,,,,,1,8.748,8.748,
,Unique,,,1,,65610,65610,2.5,N/A,1489299.785,,0.9,,,,,,,,,,1,26.244,26.244,
Compass,Common,,71,1,Yes,1,40,2.5,4,0.376,N/A,,,,None,Close,Points to the nearest super mob. The ultra variant of this petal will point to the nearest Magnet (instead of a super mob) if one is nearby.,Termite Overmind,,,,0,0,1,
,Unusual,,,1,,3,120,2.5,4,2.256,,,,,,,,,,,,0,0,1,
,Rare,,,1,,9,360,2.5,4,13.534,,,,,,,,,,,,0,0,1,
,Epic,,,1,,27,1080,2.5,4,111.654,,,,,,,,,,,,0,0,1,
,Legendary,,,1,,81,3240,2.5,4,663.397,,,,,,,,,,,,1,1.296,1.296,
,Mythic,,,1,,243,9720,2.5,4,3607.147,,,,,,,,,,,,1,3.888,3.888,
,Ultra,,,1,,729,29160,2.5,4,14840.575,,,,,,,,,,,,1,11.664,11.664,
,Super,,,1,,2187,87480,2.5,4,50812.377,,,,,,,,,,,,1,34.992,34.992,
,Unique,,,1,,6561,262440,2.5,4,159971.463,,,,,,,,,,,,1,104.976,104.976,
Coin,Common,,74,1,Yes,15,10,2.5,N/A,5.639,N/A,,,,Far,Close,Obtained by making a trade with the Trader mob (unique must be crafted).,N/A,,,,0,0,1,
,Unusual,,,1,,45,30,2.5,N/A,16.917,,,,,,,,,,,,0,0,1,
,Rare,,,1,,135,90,2.5,N/A,50.752,,,,,,,,,,,,0,0,1,
,Epic,,,1,,405,270,2.5,N/A,456.767,,,,,,,,,,,,0,0,1,
,Legendary,,,1,,1215,810,2.5,N/A,4110.902,,,,,,,,,,,,0,0,1,
,Mythic,,,1,,3645,2430,2.5,N/A,34257.519,,,,,,,,,,,,0,0,1,
,Ultra,,,1,,10935,7290,2.5,N/A,142962.966,,,,,,,,,,,,1,2.916,2.916,
,Super,,,1,,32805,21870,2.5,N/A,628896.695,,,,,,,,,,,,1,8.748,8.748,
,Unique,,,1,,98415,65610,2.5,N/A,2233949.678,,,,,,,,,,,,1,26.244,26.244,
Coral,Common,,90,1,Yes,11,1,1.5,N/A,19.88,N/A,,,,Far,Close,"Upon dying, breaks into 2 pieces which have half the damage of the original petal. These pieces break into two more upon dying, which have 1/4 the damage of the original petal. These pieces do not break up when they die. The whole petal goes on respawn when all 7 pieces have died.",Sponge,,,,0,0,1,
,Unusual,,,1,,33,1,1.5,N/A,59.639,,,,,,,,,,,,0,0,1,
,Rare,,,1,,99,1,1.5,N/A,178.916,,,,,,,,,,,,0,0,1,
,Epic,,,1,,297,1,1.5,N/A,536.747,,,,,,,,,,,,0,0,1,
,Legendary,,,1,,891,1,1.5,N/A,1610.241,,,,,,,,,,,,0,0,1,
,Mythic,,,1,,2673,1,1.5,N/A,4830.723,,,,,,,,,,,,0,0,1,
,Ultra,,,1,,8019,1,1.5,N/A,14492.169,,,,,,,,,,,,0,0,1,
,Super,,,1,,24057,1,1.5,N/A,43476.506,,,,,,,,,,,,0,0,1,
,Unique,,,1,,72171,1,1.5,N/A,130429.518,,,,,,,,,,,,0,0,1,
Corn,Common,,25,1,Yes,5,300,7,N/A,2.095,N/A,,,,Far,Close,N/A,"Rat
Worker Ant
Worker Fire Ant",,,,0,0,1,
,Unusual,,,1,,15,900,7,N/A,18.855,,,,,,,,,,,,0,0,1,
,Rare,,,1,,45,2700,7,N/A,147.451,,,,,,,,,,,,1,1.08,1.08,
,Epic,,,1,,135,8100,7,N/A,1051.442,,,,,,,,,,,,1,3.24,3.24,
,Legendary,,,1,,405,24300,7,N/A,5830.273,,,,,,,,,,,,1,9.72,9.72,
,Mythic,,,1,,1215,72900,7,N/A,24386.977,,,,,,,,,,,,1,29.16,29.16,
,Ultra,,,1,,3645,218700,7,N/A,84230.928,,,,,,,,,,,,1,87.48,87.48,
,Super,,,1,,10935,656100,7,N/A,266114.744,,,,,,,,,,,,1,262.44,262.44,
,Unique,,,1,,32805,1968300,7,N/A,812733.883,,,,,,,,,,,,1,787.32,787.32,
Corruption,Common,,80,1,No,N/A,N/A,N/A,N/A,N/A,Cannot be unequipped; Petal is lost on death [except for super+]; Contagious [Unique only],N/A,,,N/A,N/A,"Does not orbit the user.
Gives the user a gambler skin. This change is visible in the top left UI. Allows the user to engage in PvP with flowers at or above 20, even in non PvP areas. Cannot be unequipped. Lost on death, except super+.
If a Digger is spawned by a player with corruption equipped, the Digger will appear red and be hostile towards players.
A Unique Corruption allows the user to spread the Corruption effect to other users by touching them. These users can further spread it.",Gambler,,,,1,#VALUE!,#VALUE!,
,Unusual,,,1,,N/A,N/A,N/A,N/A,N/A,,,,,,,,,,,,1,#VALUE!,#VALUE!,
,Rare,,,1,,N/A,N/A,N/A,N/A,N/A,,,,,,,,,,,,1,#VALUE!,#VALUE!,
,Epic,,,1,,N/A,N/A,N/A,N/A,N/A,,,,,,,,,,,,1,#VALUE!,#VALUE!,
,Legendary,,,1,,N/A,N/A,N/A,N/A,N/A,,,,,,,,,,,,1,#VALUE!,#VALUE!,
,Mythic,,,1,,N/A,N/A,N/A,N/A,N/A,,,,,,,,,,,,1,#VALUE!,#VALUE!,
,Ultra,,,1,,N/A,N/A,N/A,N/A,N/A,,,,,,,,,,,,1,#VALUE!,#VALUE!,
,Super,,,1,,N/A,N/A,N/A,N/A,N/A,,,,,,,,,,,,1,#VALUE!,#VALUE!,
,Unique,,,1,,N/A,N/A,N/A,N/A,N/A,,,,,,,,,,,,1,#VALUE!,#VALUE!,
Cotton,Common,,56,1,Yes,0,6,1.5,N/A,0,N/A,,,,None,Close,"Negates all incoming damage, causing damage to go to the petal instead.","With no Orb equipped:
Bush",,,,0,0,1,
,Unusual,,,1,,0,18,1.5,N/A,0,,,,,,,,,,,,0,0,1,
,Rare,,,1,,0,54,1.5,N/A,0,,,,,,,,,,,,0,0,1,
,Epic,,,1,,0,162,1.5,N/A,0,,,,,,,,,,,,0,0,1,
,Legendary,,,1,,0,486,1.5,N/A,0,,,,,,,,,,,,0,0,1,
,Mythic,,,1,,0,1458,1.5,N/A,0,,,,,,,,,,,,0,0,1,
,Ultra,,,1,,0,2525,1.5,N/A,0,,,,,,,,,,,,1,1.01,1.01,
,Super,,,1,,0,4374,1.5,N/A,0,,,,,,,,,,,,1,1.7496,1.7496,
,Unique,,,1,,0,7576,1.5,N/A,0,,,,,,,,,,,,1,3.0304,3.0304,
Magic Cotton,Common,,83,1,No,N/A,N/A,1.5,N/A,N/A,Damage Absorption [per mana],0.25,N/A,,None,Close,"Negates 98% of incoming damage, causing damage to go to the petal instead, based on total mana.","With Orb equipped:
Bush",,,,1,#VALUE!,#VALUE!,
,Unusual,,,1,,N/A,N/A,1.5,N/A,N/A,,0.5,,,,,,,,,,1,#VALUE!,#VALUE!,
,Rare,,,1,,N/A,N/A,1.5,N/A,N/A,,0.75,,,,,,,,,,1,#VALUE!,#VALUE!,
,Epic,,,1,,N/A,N/A,1.5,N/A,N/A,,1,,,,,,,,,,1,#VALUE!,#VALUE!,
,Legendary,,,1,,N/A,N/A,1.5,N/A,N/A,,1.25,,,,,,,,,,1,#VALUE!,#VALUE!,
,Mythic,,,1,,N/A,N/A,1.5,N/A,N/A,,1.5,,,,,,,,,,1,#VALUE!,#VALUE!,
,Ultra,,,1,,N/A,N/A,1.5,N/A,N/A,,1.75,,,,,,,,,,1,#VALUE!,#VALUE!,
,Super,,,1,,N/A,N/A,1.5,N/A,N/A,,2,,,,,,,,,,1,#VALUE!,#VALUE!,
,Unique,,,1,,N/A,N/A,1.5,N/A,N/A,,2.25,,,,,,,,,,1,#VALUE!,#VALUE!,
Crown,Common,,104,1,No,N/A,N/A,2,,N/A,Spawn Rarity,Mythic,Lifespan of each beetle,7s,N/A,N/A,"Does not orbit the user.
Gives its user a crown look. Periodicially spawns undead mythic beetles around the user. This is the only petal that can drop as a unique. Once someone has it, anyone else who obtains it, ""steals"" the petal from the previous user, so there is only ever one owner.",Pharaoh Beetle,,,,1,#VALUE!,#VALUE!,
,Unusual,,,1,,N/A,N/A,2,,N/A,,,,,,,,,,,,1,#VALUE!,#VALUE!,
,Rare,,,1,,N/A,N/A,2,,N/A,,,,,,,,,,,,1,#VALUE!,#VALUE!,
,Epic,,,1,,N/A,N/A,2,,N/A,,,,,,,,,,,,1,#VALUE!,#VALUE!,
,Legendary,,,1,,N/A,N/A,2,,N/A,,,,,,,,,,,,1,#VALUE!,#VALUE!,
,Mythic,,,1,,N/A,N/A,2,,N/A,,,,,,,,,,,,1,#VALUE!,#VALUE!,
,Ultra,,,1,,N/A,N/A,2,,N/A,,,,,,,,,,,,1,#VALUE!,#VALUE!,
,Super,,,1,,N/A,N/A,2,,N/A,,,,,,,,,,,,1,#VALUE!,#VALUE!,
,Unique,,,1,,N/A,N/A,2,,N/A,,,,,,,,,,,,1,#VALUE!,#VALUE!,
Cutter,Common,,37,N/A,No,N/A,N/A,N/A,N/A,N/A,Extra Body Damage,27,N/A,,None,None,"Does not orbit the user.
Appears on the flower. This change is visible in the top left UI. Grants a bonus to the user's body damage. Body damage bonus is applied after Sharp Edges bonuses, and Body Toxicity is unaffected by Cutters.",Digger,,,,1,#VALUE!,#VALUE!,
,Unusual,,,N/A,,N/A,N/A,N/A,N/A,N/A,,81,,,,,,,,,,1,#VALUE!,#VALUE!,
,Rare,,,N/A,,N/A,N/A,N/A,N/A,N/A,,243,,,,,,,,,,1,#VALUE!,#VALUE!,
,Epic,,,N/A,,N/A,N/A,N/A,N/A,N/A,,729,,,,,,,,,,1,#VALUE!,#VALUE!,
,Legendary,,,N/A,,N/A,N/A,N/A,N/A,N/A,,2187,,,,,,,,,,1,#VALUE!,#VALUE!,
,Mythic,,,N/A,,N/A,N/A,N/A,N/A,N/A,,6561,,,,,,,,,,1,#VALUE!,#VALUE!,
,Ultra,,,N/A,,N/A,N/A,N/A,N/A,N/A,,11364,,,,,,,,,,1,#VALUE!,#VALUE!,
,Super,,,N/A,,N/A,N/A,N/A,N/A,N/A,,19683,,,,,,,,,,1,#VALUE!,#VALUE!,
,Unique,,,N/A,,N/A,N/A,N/A,N/A,N/A,,34092,,,,,,,,,,1,#VALUE!,#VALUE!,
Dahlia,Common,,38,3,Yes,1.7,1.7,1.5,1,3.012,Heal,1,N/A,,None,Close,"Heals the user, or if at full health, nearby friendly flowers. The petal then goes on respawn. In Hel, nearby players will not be healed unless they are in the user's squad.
Heal stat is for each individual petal.","Ladybug (Dark)
Ladybug (Shiny)",,1.25,,0,0,1,
,Unusual,,,3,,5,5,1.5,1,9.036,,4,,,,,,,,,,0,0,1,
,Rare,,,3,,15,15,1.5,1,27.108,,11,,,,,,,,,,0,0,1,
,Epic,,,3,,45,45,1.5,1,81.325,,34,,,,,,,,,,0,0,1,
,Legendary,,,3,,135,135,1.5,1,487.952,,101,,,,,,,,,,0,0,1,
,Mythic,,,3,,405,405,1.5,1,3659.639,,304,,,,,,,,,,0,0,1,
,Ultra,,,3,,1215,1215,1.5,1,28545.181,,526,,,,,,,,,,0,0,1,
,Super,,,3,,3645,3645,1.5,1,127832.184,,911,,,,,,,,,,1,1.458,1.458,
,Unique,,,3,,10935,10935,1.5,1,594502.279,,"1,578",,,,,,,,,,1,4.374,4.374,
Dandelion,Common,,15,1,Yes,8,8,1,N/A,6.897,Duration,30,N/A,,Very Far,Close,"Enemies hit by the petal have their healing received reduced by 20% for the duration listed. Stacks multiplicatively. Flowers hit by this turn a pale yellow.
If there are multiple petals, petals do not occupy the same spot, instead forming a line of petals. This decreases the distance between petals.
See Statuses for info on healing received.",Dandelion,,,,0,0,1,
,Unusual,,,1,,24,24,1,N/A,20.69,,30,,,,,,,,,,0,0,1,
,Rare,,,1,,72,72,1,N/A,62.069,,30,,,,,,,,,,0,0,1,
,Epic,,,1,,216,216,1,N/A,558.621,,30,,,,,,,,,,0,0,1,
,Legendary,,,1,,648,648,1,N/A,3910.345,,30,,,,,,,,,,0,0,1,
,Mythic,,,2,,972,972,1,N/A,16758.621,,30,,,,,,,,,,0,0,1,
,Ultra,,,3,,1944,1944,1,N/A,100551.724,,30,,,,,,,,,,0,0,1,
,Super,,,3,,5832,5832,1,N/A,292134.311,,30,,,,,,,,,,1,2.3328,2.3328,
,Unique,,,3,,17496,17496,1,N/A,1125625.181,,30,,,,,,,,,,1,6.9984,6.9984,
Dice,Common,,67,1,Yes,10,10,2.5,N/A,10.15,Critical Hit Damage;,350,Highest Potential DPS;,140,Far,Close,"Has a 5% chance of dealing 35 times the normal damage. % chance of 35 times damage increases by 0.4% for every 0.1 extra Luck.
Randomly changes appearance from 1 to 6 pips","Beetle (Hel)
Gambler",,,,0,0,1,
,Unusual,,,1,,30,30,2.5,N/A,30.451,,"1,050",,420,,,,,,,,0,0,1,
,Rare,,,1,,90,90,2.5,N/A,91.353,,"3,150",,"1,260",,,,,,,,0,0,1,
,Epic,,,1,,270,270,2.5,N/A,822.18,,"9,450",,"3,780",,,,,,,,0,0,1,
,Legendary,,,1,,810,810,2.5,N/A,7399.624,,"28,350",,"11,340",,,,,,,,0,0,1,
,Mythic,,,1,,2430,2430,2.5,N/A,61663.534,,"85,050",,"34,020",,,,,,,,0,0,1,
,Ultra,,,1,,7290,7290,2.5,N/A,257333.339,,"255,150",,"102,060",,,,,,,,1,2.916,2.916,
,Super,,,1,,21870,21870,2.5,N/A,1132014.052,,"765,450",,"306,180",,,,,,,,1,8.748,8.748,
,Unique,,,1,,65610,65610,2.5,N/A,4021109.421,,"2,296,350",,"918,540",,,,,,,,1,26.244,26.244,
Disc,Common,,72,1,No,N/A,N/A,N/A,N/A,N/A,Collision Damage Resistance,10.0%,N/A,,None,None,"Does not orbit the user.
Appears on the flower. This change is visible in the top left UI. Reduces incoming physical damage (not poison or lightning).",Fire Ant Burrow,,,,1,#VALUE!,#VALUE!,
,Unusual,,,1,,N/A,N/A,N/A,N/A,N/A,,19.0%,,,,,,,,,,1,#VALUE!,#VALUE!,
,Rare,,,1,,N/A,N/A,N/A,N/A,N/A,,27.1%,,,,,,,,,,1,#VALUE!,#VALUE!,
,Epic,,,1,,N/A,N/A,N/A,N/A,N/A,,34.4%,,,,,,,,,,1,#VALUE!,#VALUE!,
,Legendary,,,1,,N/A,N/A,N/A,N/A,N/A,,41.0%,,,,,,,,,,1,#VALUE!,#VALUE!,
,Mythic,,,1,,N/A,N/A,N/A,N/A,N/A,,46.9%,,,,,,,,,,1,#VALUE!,#VALUE!,
,Ultra,,,1,,N/A,N/A,N/A,N/A,N/A,,52.2%,,,,,,,,,,1,#VALUE!,#VALUE!,
,Super,,,1,,N/A,N/A,N/A,N/A,N/A,,57.0%,,,,,,,,,,1,#VALUE!,#VALUE!,
,Unique,,,1,,N/A,N/A,N/A,N/A,N/A,,61.3%,,,,,,,,,,1,#VALUE!,#VALUE!,
Domino,Common,,102,1,Yes,0~36,10,0.4,N/A,24.63,Average Damage;,9.85,Highest Potential DPS;,90,Far,Close,"Randomly picks two whole numbers between 0~6 visually showen as the dots on the domino, and multiplies them to get the damage. That number is then multiplied again by the rarity of the petal converted to a number.",Gambler and Hel Centipede,0,,,0,0,1,
,Unusual,,,1,,0~108,30,0.4,N/A,73.89,,29.56,,270,,,,,36,,,0,0,1,
,Rare,,,1,,0~324,90,0.4,N/A,221.67,,88.67,,810,,,,,,,,0,0,1,
,Epic,,,1,,0~972,270,0.4,N/A,665,,266.00,,2430,,,,,,,,0,0,1,
,Legendary,,,1,,0~2916,810,0.4,N/A,1995,,798.00,,7290,,,,,,,,0,0,1,
,Mythic,,,1,,0~8748,2430,0.4,N/A,5985,,"2,394.00",,21870,,,,,,,,0,0,1,
,Ultra,,,1,,0~26244,7290,0.4,N/A,17955,,"7,182.00",,65610,,,,,,,,1,2.916,2.916,
,Super,,,1,,0~78732,21870,0.4,N/A,53865,,"21,546.00",,196830,,,,,,,,1,8.748,8.748,
,Unique,,,1,,0~236196,65610,0.4,N/A,161595,,"64,638.00",,590490,,,,,,,,1,26.244,26.244,
Beetle Egg,Common,,16,1,Yes,0,1,17,,0,Contents,Beetle (Common),N/A,,Far,Close,"When hit, spawns a Beetle (normal) that will follow the user and attack nearby mobs or enemy flowers. It cannot damage the user or friendly flowers. Enemy mobs will act hostile toward friendly mobs. Friendly mobs appear yellow instead of their normal color. The petal's health bar will reflect the friendly mob's health. Summoned mobs can damage other summoned mobs from non-squad members.
Cannot go through walls. When an egg is hatched, it does not occupy space in the flower's orbit.","Beetle (Hel)
Beetle (Normal)
Beetle (Nazar)",,,,0,0,1,
,Unusual,,,1,,0,1,21.8,,0,,Beetle (Unusual),,,,,,,,,,0,0,1,
,Rare,,,1,,0,1,26.5,,0,,Beetle (Rare),,,,,,,,,,0,0,1,
,Epic,,,1,,0,1,36,,0,,Beetle (Epic),,,,,,,,,,0,0,1,
,Legendary,,,1,,0,1,2.2,,0,,Beetle (Epic),,,,,,,,,,0,0,1,
,Mythic,,,1,,0,1,8.6,,0,,Beetle (Legendary),,,,,,,,,,0,0,1,
,Ultra,,,1,,0,1,19.1,,0,,Beetle (Mythic),,,,,,,,,,0,0,1,
,Super,,,1,,0,1,82.4,,0,,Beetle (Ultra),,,,,,,,,,0,0,1,
,Unique,,,1,,0,1,7.4,,0,,Beetle (Ultra),,,,,,,,,,0,0,1,
Ant Egg,Common,,51,4,Yes,0,25,30,,0,Contents,x4 Soldier Ant (Common),N/A,,None,None,"Spawns four (five with duplicator) friendly Soldier Ants that will follow the user and attack nearby mobs or enemy flowers. It cannot damage the user or friendly flowers. Enemy mobs will act hostile toward friendly mobs. Friendly mobs appear yellow instead of their normal color. The petal's health bar will reflect the friendly mob's health. Summoned mobs can damage other summoned mobs from non-squad members.
Cannot go through walls. When an egg is hatched, it does not occupy space in the flower's orbit.","Ant Egg
Fire Ant Egg
Queen Ant
Queen Fire Ant
Termite Egg",3,3,3,0,0,1,0
,Unusual,,,4,,0,75,38,,0,,x4 Soldier Ant (Unusual),,,,,,,9,9,9,0,0,1,
,Rare,,,4,,0,225,2.4,,0,,x4 Soldier Ant (Unusual),,,,,,,27,27,27,0,0,1,
,Epic,,,4,,0,675,3.3,,0,,x4 Soldier Ant (Rare),,,,,,,81,81,81,0,0,1,
,Legendary,,,4,,0,2025,5.1,,0,,x4 Soldier Ant (Epic),,,,,,,243,243,243,0,0,1,
,Mythic,,,4,,0,6075,15.8,,0,,x4 Soldier Ant (Legendary),,,,,,,420.8883462,729,729,1,2.43,2.43,
,Ultra,,,4,,0,18225,33.6,,0,,x4 Soldier Ant (Mythic),,,,,,,729,2187,2187,1,7.29,7.29,
,Super,,,4,,0,54675,140.2,,0,,x4 Soldier Ant (Ultra),,,,,,,1262.665039,,6561,1,21.87,21.87,
,Unique,,,4,,0,164025,13.8,,0,,x4 Soldier Ant (Ultra),,,,,,,,,,1,65.61,65.61,
Fangs,Common,,42,1,Yes,15,10,3.5,N/A,4.098,Damage Healed,35%,N/A,,Far,Close,A portion of the damage this petal deals heals the flower. ,"
Leech
",,0.15,,0,0,1,
,Unusual,,,1,,45,30,3.5,N/A,12.295,,35%,,,,,,,,,,0,0,1,
,Rare,,,1,,135,90,3.5,N/A,36.885,,35%,,,,,,,,,,0,0,1,
,Epic,,,1,,405,270,3.5,N/A,331.967,,35%,,,,,,,,,,0,0,1,
,Legendary,,,1,,1215,810,3.5,N/A,2987.705,,35%,,,,,,,,,,0,0,1,
,Mythic,,,1,,3645,2430,3.5,N/A,24897.541,,35%,,,,,,,,,,0,0,1,
,Ultra,,,1,,10935,7290,3.5,N/A,121222.856,,20.2%,,,,,,,,,,1,2.916,2.916,
,Super,,,1,,32805,21870,3.5,N/A,578211.92,,11.7%,,,,,,,,,,1,8.748,8.748,
,Unique,,,1,,98415,65610,3.5,N/A,2159245.636,,6.7%,,,,,,,,,,1,26.244,26.244,
Faster,Common,,12,1,Yes,12,5,2.5,N/A,4.511,Rotation Speed (rad/s),0.5,N/A,,Far,Close,"Increases Rotation Speed. See Statuses for more info on Rotation Speed. 
Moves erratically in its orbit, wildly jumping in and out.","
Spider
Leech",,,,0,0,1,
,Unusual,,,1,,36,15,2.5,N/A,13.534,,0.7,,,,,,,,,,0,0,1,
,Rare,,,1,,108,45,2.5,N/A,40.602,,0.9,,,,,,,,,,0,0,1,
,Epic,,,1,,324,135,2.5,N/A,243.609,,1.1,,,,,,,,,,0,0,1,
,Legendary,,,1,,972,405,2.5,N/A,1827.068,,1.3,,,,,,,,,,0,0,1,
,Mythic,,,1,,2916,1215,2.5,N/A,14251.128,,1.5,,,,,,,,,,0,0,1,
,Ultra,,,1,,8748,3645,2.5,N/A,77431.909,,1.7,,,,,,,,,,1,1.458,1.458,
,Super,,,1,,26244,10935,2.5,N/A,407987.12,,1.9,,,,,,,,,,1,4.374,4.374,
,Unique,,,1,,78732,32805,2.5,N/A,1636550.032,,2.1,,,,,,,,,,1,13.122,13.122,
"Fragment (super-)

Mjönlir (unique)",Common,,94,1,Yes,1,1,10,N/A,0.098,Lightning,N/A,N/A,,Far,Close,"Super-:
N/A

Speculated, for unique only:
All damage ignores armor, petal is not destroyed when hitting something (unlike Lightning)",None,,,,0,0,1,
,Unusual,,,1,,3,3,10,N/A,0.295,,,,,,,,,,,,0,0,1,
,Rare,,,1,,9,9,10,N/A,0.886,,,,,,,,,,,,0,0,1,
,Epic,,,1,,27,27,10,N/A,2.657,,,,,,,,,,,,0,0,1,
,Legendary,,,1,,81,81,10,N/A,7.972,,,,,,,,,,,,0,0,1,
,Mythic,,,1,,243,243,10,N/A,71.752,,,,,,,,,,,,0,0,1,
,Ultra,,,1,,729,729,10,N/A,574.016,,,,,,,,,,,,0,0,1,
,Super,,,3,,729,729,10,N/A,1722.047,,,,,,,,,,,,0,0,1,
,Unique,,,1,,0,328050,10,N/A,0,,196830,,,,,,,,,,1,131.22,131.22,
Glass,Common,,79,1,Yes,15,N/A,2.5,N/A,15,Interval (s),1,N/A,,Far,Close,"Takes no damage. Can only damage to an entity once per second, but may hit multiple entities within a second.","Soldier Ant
Sandstorm",,,,1,#VALUE!,#VALUE!,
,Unusual,,,1,,45,N/A,2.5,N/A,45,,1,,,,,,,,,,1,#VALUE!,#VALUE!,
,Rare,,,1,,135,N/A,2.5,N/A,135,,1,,,,,,,,,,1,#VALUE!,#VALUE!,
,Epic,,,1,,405,N/A,2.5,N/A,405,,1,,,,,,,,,,1,#VALUE!,#VALUE!,
,Legendary,,,1,,1215,N/A,2.5,N/A,1215,,1,,,,,,,,,,1,#VALUE!,#VALUE!,
,Mythic,,,1,,3645,N/A,2.5,N/A,3645,,1,,,,,,,,,,1,#VALUE!,#VALUE!,
,Ultra,,,1,,10935,N/A,2.5,N/A,10935,,1,,,,,,,,,,1,#VALUE!,#VALUE!,
,Super,,,1,,32805,N/A,2.5,N/A,32805,,1,,,,,,,,,,1,#VALUE!,#VALUE!,
,Unique,,,1,,98415,N/A,2.5,N/A,98415,,1,,,,,,,,,,1,#VALUE!,#VALUE!,
Grapes,Common,,10,4,Yes,3,5,1.5,0.5,13.141,Poison; Poison DPS,17,24.3,N/A,Shoots,Shoots,"Upon attacking or defending, splits off in 4 (or 5 with duplicator) directions at 90 (72 with duplicator) degree angles, moving in a straight line away from their release point. The grapes' orientation does not effect the direction it moves.
Petal and projectiles poison enemy upon contact.
Damage and poison is divided by 5 if not shot.
Cannot go through walls. Destroyed by walls if shot.
See Statuses for info on poison.","With no Orb equipped:
Centipede (Evil)",,,24.28571429,0,0,1,
,Unusual,,,4,,9,15,1.5,0.5,39.422,,51,72.9,,,,,,,,72.85714286,0,0,1,
,Rare,,,4,,27,45,1.5,0.5,118.265,,153,218.6,,,,,,,,218.5714286,0,0,1,
,Epic,,,4,,81,135,1.5,0.5,403.59,,459,655.7,,,,,,,,655.7142857,0,0,1,
,Legendary,,,4,,243,405,1.5,0.5,1649.928,,1377,1967.1,,,,,,,,1967.142857,0,0,1,
,Mythic,,,4,,729,1215,1.5,0.5,8463.036,,4131,5901.4,,,,,,,,5901.428571,0,0,1,
,Ultra,,,4,,2187,3645,1.5,0.5,33828.437,,12393,17704.3,,,,,,,,17704.28571,1,1.458,1.458,
,Super,,,4,,6561,10935,1.5,0.5,143686.456,,37179,53112.9,,,,,,,,53112.85714,1,4.374,4.374,
,Unique,,,4,,19683,32805,1.5,0.5,511173.597,,111537,159338.6,,,,,,,,159338.5714,1,13.122,13.122,
Heavy,Common,,18,1,Yes,9,150,10,N/A,1.772,N/A,,,,Somewhat Far,None,"Slows down Rotation Speed.
Has high density, making it easy for the petal to push mobs.",Rock,,,,0,0,1,
,Unusual,,,1,,27,450,10,N/A,13.287,,,,,,,,,,,,0,0,1,
,Rare,,,1,,81,1350,10,N/A,111.614,,,,,,,,,,,,0,0,1,
,Epic,,,1,,243,4050,10,N/A,835.441,,,,,,,,,,,,1,1.62,1.62,
,Legendary,,,1,,729,12150,10,N/A,5897.037,,,,,,,,,,,,1,4.86,4.86,
,Mythic,,,1,,2187,36450,10,N/A,32221.564,,,,,,,,,,,,1,14.58,14.58,
,Ultra,,,1,,6561,109350,10,N/A,133106.744,,,,,,,,,,,,1,43.74,43.74,
,Super,,,1,,19683,328050,10,N/A,456712.983,,,,,,,,,,,,1,131.22,131.22,
,Unique,,,1,,59049,984150,10,N/A,1439083.586,,,,,,,,,,,,1,393.66,393.66,
Honey,Common,,21,1,Yes,0,50,2,0.5,0,Max Mob Rarity,Common,N/A,,Shoots - Lays down,Shoots - Lays down,"When shot, all nearby aggroable mobs at or below the rarity specified by the petal will prioritize attacking the laid down Honey if nearby, doing so until the Honey is destroyed or the Honey disappears after a short duration. When destroyed, the petal goes on respawn. Not effective on projectile mobs (excluding Scorpions). Mobs will stop attacking the Honey if laid down too many times.","Bee
Bumble Bee",,,,0,0,1,
,Unusual,,,1,,0,150,2,0.5,0,,Common,,,,,,,,,,0,0,1,
,Rare,,,1,,0,450,2,0.5,0,,Unusual,,,,,,,,,,0,0,1,
,Epic,,,1,,0,1350,2,0.5,0,,Rare,,,,,,,,,,0,0,1,
,Legendary,,,1,,0,4050,2,0.5,0,,Epic,,,,,,,,,,1,1.62,1.62,
,Mythic,,,1,,0,12150,2,0.5,0,,Legendary,,,,,,,,,,1,4.86,4.86,
,Ultra,,,1,,0,36450,2,0.5,0,,Mythic,,,,,,,,,,1,14.58,14.58,
,Super,,,1,,0,109350,2,0.5,0,,Ultra,,,,,,,,,,1,43.74,43.74,
,Unique,,,1,,0,328050,2,0.5,0,,Super,,,,,,,,,,1,131.22,131.22,
Iris,Common,,7,1,Yes,5,5,4,N/A,18.029,Poison; Poison DPS,70,23.3,N/A,Far,Close,"Deals poison damage.
See Statuses for info on poison.","Scorpion
Centipede (Evil)",,,,0,0,1,
,Unusual,,,1,,15,15,4,N/A,54.087,,210,70,,,,,,,,,0,0,1,
,Rare,,,1,,45,45,4,N/A,162.26,,630,210,,,,,,,,,0,0,1,
,Epic,,,1,,135.0,135.0,4,N/A,519.231,,1890,630,,,,,,,,,0,0,1,
,Legendary,,,1,,405.0,405.0,4,N/A,1849.76,,5670,1890,,,,,,,,,0,0,1,
,Mythic,,,1,,1215.0,1215,4,N/A,7885.817,,17010,5670,,,,,,,,,0,0,1,
,Ultra,,,1,,3645.0,3645,4,N/A,35915.857,,51030,17010,,,,,,,,,1,1.458,1.458,
,Super,,,1,,10935.0,10935,4,N/A,176915.579,,153090,51030,,,,,,,,,1,4.374,4.374,
,Unique,,,1,,32805.0,32805,4,N/A,733111.791,,459270,153090,,,,,,,,,1,13.122,13.122,
Jelly,Common,,34,1,Yes,10,10,2.5,N/A,3.759,Knockback,300,N/A,,Far,Close,Deals high knockback. Higher knockback increases the strength mobs are pushed away from the petal. Knockback resistance increases with mob rarity.,Jellyfish,,1.9,,0,0,1,
,Unusual,,,1,,30,30,2.5,N/A,11.278,,432,,,,,,,,,,0,0,1,
,Rare,,,1,,90,90,2.5,N/A,33.835,,675,,,,,,,,,,0,0,1,
,Epic,,,1,,270,270,2.5,N/A,304.511,,1100,,,,,,,,,,0,0,1,
,Legendary,,,1,,810,810,2.5,N/A,2740.602,,2700,,,,,,,,,,0,0,1,
,Mythic,,,1,,2430,2430,2.5,N/A,22838.346,,7500,,,,,,,,,,0,0,1,
,Ultra,,,1,,7290,7290,2.5,N/A,95308.644,,19200,,,,,,,,,,1,2.916,2.916,
,Super,,,1,,21870,21870,2.5,N/A,419264.464,,50700,,,,,,,,,,1,8.748,8.748,
,Unique,,,1,,65610,65610,2.5,N/A,1489299.785,,120000,,,,,,,,,,1,26.244,26.244,
Laser,Common,,101,1,Yes,5,12,5,N/A,50,Lightning Damage,,,,Close,Close,Shoots a constant red beam that deals constant lightning damage,Mecha Crab,,,,0,0,1,
,Unusual,,,1,,15,36,1.8,N/A,150,,,,,,,,,,,,0,0,1,
,Rare,,,1,,45,108,1.8,N/A,450,,,,,,,,,,,,0,0,1,
,Epic,,,1,,135,324,1.8,N/A,1350,,,,,,,,,,,,0,0,1,
,Legendary,,,1,,405,972,1.8,N/A,4050,,,,,,,,,,,,0,0,1,
,Mythic,,,1,,1215,2916,1.8,N/A,12150,,,,,,,,,,,,1,1.1664,1.1664,
,Ultra,,,1,,3645,8748,1.8,N/A,36450,,,,,,,,,,,,1,3.4992,3.4992,
,Super,,,1,,10935,26244,1.8,N/A,109350,,,,,,,,,,,,1,10.4976,10.4976,
,Unique,,,1,,32805,78732,1.8,N/A,328050,,,,,,,,,,,,1,31.4928,31.4928,
Leaf,Common,,22,1,Yes,13,12,1.8,N/A,6.633,Heal (Per sec),1,N/A,,Far,Close,Heals the user at a constant rate.,"With no Orb equipped:
Baby Ant
Worker Ant
Centipede (Green)
Leafbug",,1,15,0,0,1,
,Unusual,,,1,,39,36,1.8,N/A,19.898,,3,,,,,,,,,,0,0,1,
,Rare,,,1,,117,108,1.8,N/A,119.388,,9,,,,,,,,,,0,0,1,
,Epic,,,1,,351,324,1.8,N/A,716.327,,27,,,,,,,,,,0,0,1,
,Legendary,,,1,,1053,972,1.8,N/A,5372.449,,81,,,,,,,,,,0,0,1,
,Mythic,,,1,,3159,2916,1.8,N/A,29464.061,,243,,,,,,,,,,1,1.1664,1.1664,
,Ultra,,,1,,9477,8748,1.8,N/A,151862.537,,421,,,,,,,,,,1,3.4992,3.4992,
,Super,,,1,,28431,26244,1.8,N/A,598946.157,,729,,,,,,,,,,1,10.4976,10.4976,
,Unique,,,1,,85293,78732,1.8,N/A,2007392.05,,1262.7,,,,,,,,,,1,31.4928,31.4928,
Golden Leaf,Common,,97,1,Yes,13,12,1.8,N/A,6.633,Reload Reduction,0.00%,N/A,,Far,Close,Reduces the respawn reload time of all petals of the user. Stacks multiplicatively,"With no Orb equipped:
Shiny Leafbug",,1,15,0,0,1,
,Unusual,,,1,,39,36,1.8,N/A,19.898,,0.00%,,,,,,,,,,0,0,1,
,Rare,,,1,,117,108,1.8,N/A,119.388,,0.00%,,,,,,,,,,0,0,1,
,Epic,,,1,,351,324,1.8,N/A,716.327,,0.00%,,,,,,,,,,0,0,1,
,Legendary,,,1,,1053,972,1.8,N/A,5372.449,,0.00%,,,,,,,,,,0,0,1,
,Mythic,,,1,,3159,2916,1.8,N/A,29464.061,,0.00%,,,,,,,,,,1,1.1664,1.1664,
,Ultra,,,1,,9477,8748,1.8,N/A,151862.537,,-19.20%,,,,,,,,,,1,3.4992,3.4992,
,Super,,,1,,28431,26244,1.8,N/A,598946.157,,-21.60%,,,,,,,,,,1,10.4976,10.4976,
,Unique,,,1,,85293,78732,1.8,N/A,2007392.05,,-24.00%,,,,,,,,,,1,31.4928,31.4928,
Magic Leaf,Common,,85,1,Yes,13,12,1.8,N/A,6.633,Mana (Per sec); Base Max Mana,2.1,82.5,N/A,Far,Close,Regenerates the user's mana at a constant rate. The highest base max mana stat among Magleaves or Orbs determines the base max mana of the player.,"With Orb equipped:
Worker Ant
Leafbug",,1,15,0,0,1,
,Unusual,,,1,,39,36,1.8,N/A,19.898,,4.2,165,,,,,,,,,0,0,1,
,Rare,,,1,,117,108,1.8,N/A,119.388,,6.3,247.5,,,,,,,,,0,0,1,
,Epic,,,1,,351,324,1.8,N/A,716.327,,8.4,330,,,,,,,,,0,0,1,
,Legendary,,,1,,1053,972,1.8,N/A,5372.449,,10.5,412.5,,,,,,,,,0,0,1,
,Mythic,,,1,,3159,2916,1.8,N/A,29464.061,,12.6,495,,,,,,,,,1,1.1664,1.1664,
,Ultra,,,1,,9477,8748,1.8,N/A,151862.537,,14.7,577.5,,,,,,,,,1,3.4992,3.4992,
,Super,,,1,,28431,26244,1.8,N/A,598946.157,,16.8,660,,,,,,,,,1,10.4976,10.4976,
,Unique,,,1,,85293,78732,1.8,N/A,2007392.05,,18.9,742.5,,,,,,,,,1,31.4928,31.4928,
Light,Common,,2,1,Yes,13,5,0.8,N/A,13.542,N/A,,,,Very Far,Close,N/A,"Ladybug
Baby Ant
Baby Fire Ant",,,,0,0,1,
,Unusual,,,2,,20,8,0.8,N/A,40.625,,,,,,,,,,,,0,0,1,
,Rare,,,2,,59,23,0.8,N/A,121.875,,,,,,,,,,,,0,0,1,
,Epic,,,3,,117,45,0.8,N/A,365.625,,,,,,,,,,,,0,0,1,
,Legendary,,,3,,351,135,0.8,N/A,2193.75,,,,,,,,,,,,0,0,1,
,Mythic,,,5,,632,243,0.8,N/A,9871.875,,,,,,,,,,,,0,0,1,
,Ultra,,,5,,1895,729,0.8,N/A,78975,,,,,,,,,,,,0,0,1,
,Super,,,5,,5686,2187,0.8,N/A,651543.75,,,,,,,,,,,,0,0,1,
,Unique,,,5,,17059,6561,0.8,N/A,1561230.256,,,,,,,,,,,,1,2.6244,2.6244,
Lightning,Common,,33,1,Yes,0,20,2.5,N/A,9.6,Lightning; Bounces,12,2,N/A,Far,Close,"Activates upon contact with enemy mobs or flowers, then goes on respawn. Can bounce to nearby enemies up to the indicated number of times by the bounce stat. All entities struck by it have their velocity set to 0 for an instant.
If it attacks a player with Rubber equipped, it will damage the Rubber instead of them.",Jellyfish,,,,0,0,1,
,Unusual,,,1,,0,60,2.5,N/A,43.2,,36,3,,,,,,,,,0,0,1,
,Rare,,,1,,0,180,2.5,N/A,172.8,,108,4,,,,,,,,,0,0,1,
,Epic,,,1,,0,540,2.5,N/A,648,,324,5,,,,,,,,,0,0,1,
,Legendary,,,1,,0,1620,2.5,N/A,2332.8,,972,6,,,,,,,,,0,0,1,
,Mythic,,,1,,0,4860,2.5,N/A,8164.8,,2916,7,,,,,,,,,1,1.944,1.944,
,Ultra,,,1,,0,14580,2.5,N/A,27993.6,,8748,8,,,,,,,,,1,5.832,5.832,
,Super,,,1,,0,43740,2.5,N/A,94478.4,,26244,9,,,,,,,,,1,17.496,17.496,
,Unique,,,1,,0,131220,2.5,N/A,314928,,78732,10,,,,,,,,,1,52.488,52.488,
Lotus,Common,,54,1,Yes,N/A,0,2.5,N/A,N/A,Poison Resistance (per sec),14,N/A,,None,None,Negates poison damage up to the petal's poison resistance. Stacks additively.,Roach,,,,0,0,1,
,Unusual,,,1,,N/A,0,2.5,N/A,N/A,,42,,,,,,,,,,0,0,1,
,Rare,,,1,,N/A,0,2.5,N/A,N/A,,126,,,,,,,,,,0,0,1,
,Epic,,,1,,N/A,0,2.5,N/A,N/A,,378,,,,,,,,,,0,0,1,
,Legendary,,,1,,N/A,0,2.5,N/A,N/A,,1134,,,,,,,,,,0,0,1,
,Mythic,,,1,,N/A,0,2.5,N/A,N/A,,3402,,,,,,,,,,0,0,1,
,Ultra,,,1,,N/A,0,2.5,N/A,N/A,,10206,,,,,,,,,,0,0,1,
,Super,,,1,,N/A,0,2.5,N/A,N/A,,30618,,,,,,,,,,0,0,1,
,Unique,,,1,,N/A,0,2.5,N/A,N/A,,91854,,,,,,,,,,0,0,1,
Magic Eye,Common,,87,N/A,No,N/A,N/A,2,N/A,N/A,Lightning (per mana); Bounces,3.3,7,N/A,N/A,N/A,"When loaded, consumes half of the user's mana and releases a lightning attack that deals damage based on the mana consumed.","With Orb equipped:
Spider
Spider (Hel)",,,,1,#VALUE!,#VALUE!,
,Unusual,,,N/A,,N/A,N/A,2,N/A,N/A,,5.0,7,,,,,,,,,1,#VALUE!,#VALUE!,
,Rare,,,N/A,,N/A,N/A,2,N/A,N/A,,7.4,7,,,,,,,,,1,#VALUE!,#VALUE!,
,Epic,,,N/A,,N/A,N/A,2,N/A,N/A,,11.1,7,,,,,,,,,1,#VALUE!,#VALUE!,
,Legendary,,,N/A,,N/A,N/A,2,N/A,N/A,,16.7,7,,,,,,,,,1,#VALUE!,#VALUE!,
,Mythic,,,N/A,,N/A,N/A,2,N/A,N/A,,25.1,7,,,,,,,,,1,#VALUE!,#VALUE!,
,Ultra,,,N/A,,N/A,N/A,2,N/A,N/A,,37.6,7,,,,,,,,,1,#VALUE!,#VALUE!,
,Super,,,N/A,,N/A,N/A,2,N/A,N/A,,56.4,7,,,,,,,,,1,#VALUE!,#VALUE!,
,Unique,,,N/A,,N/A,N/A,2,N/A,N/A,,84.6,7,,,,,,,,,1,#VALUE!,#VALUE!,
Magnet,Common,,29,1,No,1,30,1.5,N/A,0.602,Pickup Range,-120,N/A,,None,Close,"Increases Pick Up Range. See Statuses for more info on Pick Up Range. Effect is not active if petal is on cooldown. Does not work on Basics.
","Fire Ant Burrow
Shell",,,,0,0,1,
,Unusual,,,1,,3,90,1.5,N/A,1.807,,60,,,,,,,,,,0,0,1,
,Rare,,,1,,9,270,1.5,N/A,16.265,,240,,,,,,,,,,0,0,1,
,Epic,,,1,,27,810,1.5,N/A,146.386,,420,,,,,,,,,,0,0,1,
,Legendary,,,1,,81,2430,1.5,N/A,1219.88,,600,,,,,,,,,,0,0,1,
,Mythic,,,1,,243,7290,1.5,N/A,3871.219,,780,,,,,,,,,,1,2.916,2.916,
,Ultra,,,1,,729,21870,1.5,N/A,15318.246,,960,,,,,,,,,,1,8.748,8.748,
,Super,,,1,,2187,65610,1.5,N/A,51422.402,,"1,140",,,,,,,,,,1,26.244,26.244,
,Unique,,,1,,6561,196830,1.5,N/A,160638.077,,"1,320",,,,,,,,,,1,78.732,78.732,
Dark Mark,Common,,61,1,Yes,0,10,1,960,0,N/A,,,,None (but affected by Attack Range),Close,"Goes on top of any nearby dead player. After the secondary timer has elapsed, this player is sent to Hel (or respawned if already in Hel). Checkpoints are not saved if sent to Hel. Petal goes on respawn afterward.","Beetle (Hel)
Centipede (Hel)
Spider (Hel)
Wasp (Hel)",,,,0,0,1,
,Unusual,,,1,,0,30,1,480,0,,,,,,,,,,,,0,0,1,
,Rare,,,1,,0,90,1,240,0,,,,,,,,,,,,0,0,1,
,Epic,,,1,,0,270,1,120.0,0,,,,,,,,,,,,0,0,1,
,Legendary,,,1,,0,810,1,60.0,0,,,,,,,,,,,,0,0,1,
,Mythic,,,1,,0,2430,1,30.0,0,,,,,,,,,,,,0,0,1,
,Ultra,,,1,,0,7290,1,10.0,0,,,,,,,,,,,,1,2.916,2.916,
,Super,,,1,,0,21870,1,4.0,0,,,,,,,,,,,,1,8.748,8.748,
,Unique,,,1,,0,65610,1,4.0,0,,,,,,,,,,,,1,26.244,26.244,
Missile,Common,,9,1,Yes,25,2,1.5,0.5,15.06,N/A,,,,Shoots,Close,"Upon attacking, shoots in a straight line away from the flower. Can slightly change its starting angle to target mobs.","Hornet
Wasp",,20,20,0,0,1,
,Unusual,,,1,,75,6,1.5,0.5,45.181,,,,,,,,,,,,0,0,1,
,Rare,,,1,,225,18,1.5,0.5,135.542,,,,,,,,,,,,0,0,1,
,Epic,,,1,,675,54,1.5,0.5,406.627,,,,,,,,,,,,0,0,1,
,Legendary,,,1,,2025,162,1.5,0.5,2439.759,,,,,,,,,,,,0,0,1,
,Mythic,,,1,,6075,486,1.5,0.5,18298.193,,,,,,,,,,,,0,0,1,
,Ultra,,,1,,18225,1458,1.5,0.5,164683.735,,,,,,,,,,,,0,0,1,
,Super,,,1,,54675,4374,1.5,0.5,701397.378,,,,,,,,,,,,1,1.7496,1.7496,
,Unique,,,1,,164025,13122,1.5,0.5,3115354.403,,,,,,,,,,,,1,5.2488,5.2488,
Magic Missile,Common,,88,1,Yes,25,2,5.4,0.2,625,N/A,,,,Shoots,Close,"Upon attacking, shoots in a straight line away from the flower. Can slightly change its starting angle to target mobs.","Hornet
Wasp",,20,20,0,0,1,
,Unusual,,,1,,75,6,10.8,0.2,1875,,,,,,,,,,,,0,0,1,
,Rare,,,1,,225,18,21.6,0.2,5625,,,,,,,,,,,,0,0,1,
,Epic,,,1,,675,54,43.2,0.2,16875,,,,,,,,,,,,0,0,1,
,Legendary,,,1,,2025,162,86.4,0.2,101250,,,,,,,,,,,,0,0,1,
,Mythic,,,1,,6075,486,172.8,0.2,759375,,,,,,,,,,,,0,0,1,
,Ultra,,,1,,18225,1458,345.6,0.2,6834375,,,,,,,,,,,,0,0,1,
,Super,,,1,,54675,4374,691.2,0.2,34171875,,,,,,,,,,,,1,1.7496,1.7496,
,Unique,,,1,,164025,13122,1382.4,0.2,102515625,,,,,,,,,,,,1,5.2488,5.2488,
Mecha Missile,Common,,95,1,Yes,25,2,1.5,0.5,15.06,N/A,,,,Shoots,Close,"Upon attacking, shoots in a straight line away from the flower. Can slightly change its angle while shooting to target mobs.",None,,20,20,0,0,1,
,Unusual,,,1,,75,6,1.5,0.5,45.181,,,,,,,,,,,,0,0,1,
,Rare,,,1,,225,18,1.5,0.5,135.542,,,,,,,,,,,,0,0,1,
,Epic,,,1,,675,54,1.5,0.5,406.627,,,,,,,,,,,,0,0,1,
,Legendary,,,1,,2025,162,1.5,0.5,2439.759,,,,,,,,,,,,0,0,1,
,Mythic,,,1,,6075,486,1.5,0.5,18298.193,,,,,,,,,,,,0,0,1,
,Ultra,,,1,,18225,1458,1.5,0.5,164683.735,,,,,,,,,,,,0,0,1,
,Super,,,1,,54675,4374,1.5,0.5,701397.378,,,,,,,,,,,,1,1.7496,1.7496,
,Unique,,,1,,164025,13122,1.5,0.5,3115354.403,,,,,,,,,,,,1,5.2488,5.2488,
Mimic,Common,,93,1,Yes,N/A,N/A,N/A,N/A,N/A,"Assumes the identity of the petal to the left (including the image on the loadout), taking the rarity of the Mimic petal.",,,,None,None,"Assumes the identity of the petal to the left (including the image on the loadout), taking the rarity of the Mimic petal.",Mecha Flower,,,,1,#VALUE!,#VALUE!,
,Unusual,,,1,,,,,,,,,,,,,,,,,,0,0,1,
,Rare,,,1,,,,,,,,,,,,,,,,,,0,0,1,
,Epic,,,1,,,,,,,,,,,,,,,,,,0,0,1,
,Legendary,,,1,,,,,,,,,,,,,,,,,,0,0,1,
,Mythic,,,1,,,,,,,,,,,,,,,,,,0,0,1,
,Ultra,,,1,,,,,,,,,,,,,,,,,,0,0,1,
,Super,,,1,,,,,,,,,,,,,,,,,,0,0,1,
,Unique,,,1,,,,,,,,,,,,,,,,,,0,0,1,
Moon Rock,Common,,77,1,No,5,5000,60,N/A,4.022,N/A,,,,None,None,"
When loaded, the player's other petals will rotate around the petal instead of the flower, and the petal will follow the flower.
Size of Moon depends on its rarity.",Rock,,,,1,2,2,
,Unusual,,,1,,15,15000,60,N/A,34.008,,,,,,,,,,,,1,6,6,
,Rare,,,1,,45,45000,60,N/A,259.084,,,,,,,,,,,,1,18,18,
,Epic,,,1,,135,135000,60,N/A,1596.444,,,,,,,,,,,,1,54,54,
,Legendary,,,1,,405,405000,60,N/A,7383.192,,,,,,,,,,,,1,162,162,
,Mythic,,,1,,1215,1215000,60,N/A,27029.167,,,,,,,,,,,,1,486,486,
,Ultra,,,1,,3645,3645000,60,N/A,87513.997,,,,,,,,,,,,1,1458,1458,
,Super,,,1,,10935,10935000,60,N/A,269666.013,,,,,,,,,,,,1,4374,4374,
,Unique,,,1,,32805,32805000,60,N/A,816382.16,,,,,,,,,,,,1,13122,13122,
Orange,Common,,50,3,Yes,6.7,6.7,3.5,N/A,5.464,N/A,,,,Far,None,Forms a large polygon in the orbit. The polygon point nearest to the player sits at normal extension range.,Hornet,,,,0,0,1,
,Unusual,,,3,,20,20,3.5,N/A,16.393,,,,,,,,,,,,0,0,1,
,Rare,,,3,,60,60,3.5,N/A,49.18,,,,,,,,,,,,0,0,1,
,Epic,,,3,,180,180,3.5,N/A,295.082,,,,,,,,,,,,0,0,1,
,Legendary,,,3,,540,540,3.5,N/A,2655.738,,,,,,,,,,,,0,0,1,
,Mythic,,,3,,1620,1620,3.5,N/A,22573.77,,,,,,,,,,,,0,0,1,
,Ultra,,,3,,4860,4860,3.5,N/A,126443.255,,,,,,,,,,,,1,1.944,1.944,
,Super,,,3,,14580,14580,3.5,N/A,671859.671,,,,,,,,,,,,1,5.832,5.832,
,Unique,,,3,,43740,43740,3.5,N/A,2712971.639,,,,,,,,,,,,1,17.496,17.496,
Mana Orb,Common,,81,1,Yes,0,25,2.5,1.5,0,"Mana; Base Max Mana;
Allows finding magic petals",8,82.5,"Converts Bubble Cactus, Leaf, Grapes, Peas, Missile, Stinger, Stick and Third Eye drops into magic petals with the max rarity being the orb's rarity.",None,None,"Is absorbed by the flower when the secondary reload has elapsed, increasing the flower's mana.
Allows the flower to find Magic petals. When equipped, some mob drops are replaced with Magic petals. Magic petals will be dropped at the orb's rarity or below.",Firefly (Shiny),,2.25,,0,0,1,
,Unusual,,,1,,0,75,2.5,1.5,0,,17,165,,,,,,,,,0,0,1,
,Rare,,,1,,0,225,2.5,1.5,0,,33,330,,,,,,,,,0,0,1,
,Epic,,,1,,0,675,2.5,1.5,0,,66,660,,,,,,,,,0,0,1,
,Legendary,,,1,,0,2025,2.5,1.5,0,,132,1320,,,,,,,,,0,0,1,
,Mythic,,,1,,0,6075,2.5,1.5,0,,264,2640,,,,,,,,,1,2.43,2.43,
,Ultra,,,1,,0,18225,2.5,1.5,0,,528,5280,,,,,,,,,1,7.29,7.29,
,Super,,,1,,0,54675,2.5,1.5,0,,1056,10560,,,,,,,,,1,21.87,21.87,
,Unique,,,1,,0,164025,2.5,1.5,0,,2112,21120,,,,,,,,,1,65.61,65.61,
Nazar Amulet,Common,,92,1,No,N/A,N/A,60,N/A,N/A,Charge:,3,Damage Reduction:,98%,None,None,"Reduces incoming damage instance by 98% and uses up 1 charge when doing so. Dies when all charges are used up

Only drops as a common, epic or ultra petal.",Beetle (Nazar),,2.25,,1,#VALUE!,#VALUE!,
,Unusual,,,1,,N/A,N/A,42,N/A,N/A,,3,,98%,,,,,,,,1,#VALUE!,#VALUE!,
,Rare,,,1,,N/A,N/A,29.4,N/A,N/A,,3,,98%,,,,,,,,1,#VALUE!,#VALUE!,
,Epic,,,1,,N/A,N/A,20.58,N/A,N/A,,3,,98%,,,,,,,,1,#VALUE!,#VALUE!,
,Legendary,,,1,,N/A,N/A,14.406,N/A,N/A,,3,,98%,,,,,,,,1,#VALUE!,#VALUE!,
,Mythic,,,1,,N/A,N/A,10.0842,N/A,N/A,,3,,98%,,,,,,,,1,#VALUE!,#VALUE!,
,Ultra,,,1,,N/A,N/A,7.05894,N/A,N/A,,3,,98%,,,,,,,,1,#VALUE!,#VALUE!,
,Super,,,1,,N/A,N/A,4.941258,N/A,N/A,,3,,98%,,,,,,,,1,#VALUE!,#VALUE!,
,Unique,,,1,,N/A,N/A,3.4588806,N/A,N/A,,3,,98%,,,,,,,,1,#VALUE!,#VALUE!,
Pearl,Common,,32,1,Yes,15,50,4,0.5,3.606,N/A,,,,"Shoots - Lays Down.
If already laid down, repelled by the player if nearby. Follows the player if far away.",None. Returns to the player if laid down.,"Upon attacking, goes outward for a short distance before stopping in place. The user can cause the petal to return to them by defending. The petal does not return if attacking, though it will start to follow the user if they get far enough. Getting too close while attacking pushes the petal away. If the petal is too far away (by getting caught behind a wall), it will go on respawn.
Cannot go through walls.",Shell,,,,0,0,1,
,Unusual,,,1,,45,150,4,0.5,21.635,,,,,,,,,,,,0,0,1,
,Rare,,,1,,135,450,4,0.5,162.26,,,,,,,,,,,,0,0,1,
,Epic,,,1,,405,1350,4,0.5,1362.981,,,,,,,,,,,,0,0,1,
,Legendary,,,1,,1215,4050,4,0.5,8513.408,,,,,,,,,,,,1,1.62,1.62,
,Mythic,,,1,,3645,12150,4,0.5,49098.392,,,,,,,,,,,,1,4.86,4.86,
,Ultra,,,1,,10935,36450,4,0.5,212689.835,,,,,,,,,,,,1,14.58,14.58,
,Super,,,1,,32805,109350,4,0.5,748899.113,,,,,,,,,,,,1,43.74,43.74,
,Unique,,,1,,98415,328050,4,0.5,2384771.809,,,,,,,,,,,,1,131.22,131.22,
Peas,Common,,44,4,Yes,13,5,1.5,0.5,31.325,N/A,,,,Shoots,Shoots,"Upon attacking or defending, splits off in 4 (or 5 with duplicator) directions at 90 (72 with duplicator) degree angles, moving in a straight line away from their release point. The peas' orientation does not affect the direction it moves.
Projectile damage is divided by 5 if not shot.
Cannot go through walls.","With no Orb equipped:
Centipede (Green)
Mantis",,,,0,0,1,
,Unusual,,,4,,39,15,1.5,0.5,93.976,,,,,,,,,,,,0,0,1,
,Rare,,,4,,117,45,1.5,0.5,281.928,,,,,,,,,,,,0,0,1,
,Epic,,,4,,351,135.0,1.5,0.5,1691.566,,,,,,,,,,,,0,0,1,
,Legendary,,,4,,1053,405.0,1.5,0.5,12686.747,,,,,,,,,,,,0,0,1,
,Mythic,,,4,,3159,1215,1.5,0.5,98956.627,,,,,,,,,,,,0,0,1,
,Ultra,,,4,,9477,3645,1.5,0.5,443151.572,,,,,,,,,,,,1,1.458,1.458,
,Super,,,4,,28431,10935,1.5,0.5,2060941.233,,,,,,,,,,,,1,4.374,4.374,
,Unique,,,4,,85293,32805,1.5,0.5,7571470.342,,,,,,,,,,,,1,13.122,13.122,
Pincer,Common,,27,1,Yes,5,5,2.5,N/A,7.519,Poison; Poison DPS; Duration,15,19,0.8,Far,Close,"Inflicts poison damage and slows down enemies it hits.
See Statuses for info on poison.
Duration determines slowdown time. Slowdown is high and stacks with webs.",Scorpion,,,,0,0,1,
,Unusual,,,1,,15,15,2.5,N/A,22.556,,45,56,0.8,,,,,,,,0,0,1,
,Rare,,,1,,45,45,2.5,N/A,67.669,,135,169,0.8,,,,,,,,0,0,1,
,Epic,,,1,,135,135,2.5,N/A,253.759,,405,506,0.8,,,,,,,,0,0,1,
,Legendary,,,1,,405,405,2.5,N/A,1218.045,,1215,1519,0.8,,,,,,,,0,0,1,
,Mythic,,,1,,1215,1215,2.5,N/A,7308.271,,3645,4556,0.8,,,,,,,,0,0,1,
,Ultra,,,1,,3645,3645,2.5,N/A,36374.198,,10935,13669,0.8,,,,,,,,1,1.458,1.458,
,Super,,,1,,10935,10935,2.5,N/A,182327.34,,32805,41006,0.8,,,,,,,,1,4.374,4.374,
,Unique,,,1,,32805,32805,2.5,N/A,718893.967,,98415,123019,0.8,,,,,,,,1,13.122,13.122,
Plank,Common,,59,1,Yes,10,15,2.5,N/A,3.759,Damage Against Projectiles and petals:,200,N/A,,None,Close,"Large hitbox.
Damage against projectiles and petals are increased by 20x.",Worker Termite,,,,0,0,1,
,Unusual,,,1,,30,45,2.5,N/A,11.278,,600,,,,,,,,,,0,0,1,
,Rare,,,1,,90,135,2.5,N/A,67.669,,1800,,,,,,,,,,0,0,1,
,Epic,,,1,,270,405,2.5,N/A,507.519,,5400,,,,,,,,,,0,0,1,
,Legendary,,,1,,810,1215,2.5,N/A,3958.647,,16200,,,,,,,,,,0,0,1,
,Mythic,,,1,,2430,3645,2.5,N/A,21508.864,,48600,,,,,,,,,,1,1.458,1.458,
,Ultra,,,1,,7290,10935,2.5,N/A,113329.755,,145800,,,,,,,,,,1,4.374,4.374,
,Super,,,1,,21870,32805,2.5,N/A,454597.231,,437400,,,,,,,,,,1,13.122,13.122,
,Unique,,,1,,65610,98415,2.5,N/A,1536431.768,,1312200,,,,,,,,,,1,39.366,39.366,
Pollen,Common,,14,1,Yes,19,5,1,0.5,16.379,N/A,,,,Far - Lays Down,Close - Lays Down,"Upon attacking, petals move outward as normal but drop in place instead of continuing to rotate around the flower. The petals will also spread out a bit.
Upon defending, the same occurs but the petals move inward and get closer to each other.
Once laid down, the petals remain for a few seconds and damage mobs that move over them.","Bee
Bumble Bee",,,,0,0,1,
,Unusual,,,1,,57,15,1,0.5,49.138,,,,,,,,,,,,0,0,1,
,Rare,,,2,,171,45,1,0.5,294.828,,,,,,,,,,,,0,0,1,
,Epic,,,3,,513,135,1,0.5,2653.448,,,,,,,,,,,,0,0,1,
,Legendary,,,3,,1539,405,1,0.5,19900.862,,,,,,,,,,,,0,0,1,
,Mythic,,,3,,4617,1215,1,0.5,155226.724,,,,,,,,,,,,0,0,1,
,Ultra,,,3,,13851,3645,1,0.5,578535.848,,,,,,,,,,,,1,1.458,1.458,
,Super,,,3,,41553,10935,1,0.5,2463220.392,,,,,,,,,,,,1,4.374,4.374,
,Unique,,,3,,124659,32805,1,0.5,8590054.254,,,,,,,,,,,,1,13.122,13.122,
Poo,Common,,52,1,No,5,5,2.5,N/A,1.88,Mob Aggro Range,-20.0%,N/A,,None,Close,Decreases mob aggro range on you when equipped.,Fly,,,,0,0,1,
,Unusual,,,1,,15,15,2.5,N/A,5.639,,-36.0%,,,,,,,,,,0,0,1,
,Rare,,,1,,45,45,2.5,N/A,16.917,,-48.8%,,,,,,,,,,0,0,1,
,Epic,,,1,,135,135,2.5,N/A,101.504,,-59.0%,,,,,,,,,,0,0,1,
,Legendary,,,1,,405,405,2.5,N/A,761.278,,-67.2%,,,,,,,,,,0,0,1,
,Mythic,,,1,,1215,1215,2.5,N/A,5937.97,,-73.8%,,,,,,,,,,0,0,1,
,Ultra,,,1,,3645,3645,2.5,N/A,32263.295,,-79.0%,,,,,,,,,,1,1.458,1.458,
,Super,,,1,,10935,10935,2.5,N/A,169994.633,,-83.2%,,,,,,,,,,1,4.374,4.374,
,Unique,,,1,,32805,32805,2.5,N/A,681895.847,,-86.6%,,,,,,,,,,1,13.122,13.122,
Mysterious Powder,Common,,47,1,No,0,10,4,N/A,0,Movement Speed; Max Mob Rarity,25%,Common,N/A,None,Close,"Increases base movement speed. Effect disabled if the petal is on respawn. Goes on respawn if the flower takes damage, if a mob higher than the designated rarity is nearby, or if a player is nearby in PvP (roughly normal FoV range)",Centipede (Desert),,,,0,0,1,
,Unusual,,,1,,0,30,4,N/A,0,,50%,Common,,,,,,,,,0,0,1,
,Rare,,,1,,0,90,4,N/A,0,,75%,Common,,,,,,,,,0,0,1,
,Epic,,,1,,0,270,4,N/A,0,,100%,Unusual,,,,,,,,,0,0,1,
,Legendary,,,1,,0,810,4,N/A,0,,125%,Rare,,,,,,,,,0,0,1,
,Mythic,,,1,,0,2430,4,N/A,0,,150%,Epic,,,,,,,,,0,0,1,
,Ultra,,,1,,0,7290,4,N/A,0,,175%,Legendary,,,,,,,,,1,2.916,2.916,
,Super,,,1,,0,21870,4,N/A,0,,200%,Mythic,,,,,,,,,1,8.748,8.748,
,Unique,,,1,,0,65610,4,N/A,0,,225%,Mythic,,,,,,,,,1,26.244,26.244,
Privet Berry,Common,,78,1,Yes,N/A,N/A,4.0,N/A,N/A,Extra Poison (s),0.2,N/A,,None,Close,"Deals instantaneous extra poison damage based on the damage dealt in 0.2s by the poison DPS currentely on the entity. If no poison has been applied, deals 0 damage.",Termite Soldier,,,,1,#VALUE!,#VALUE!,
,Unusual,,,1,,N/A,N/A,2.8,N/A,N/A,,0.2,,,,,,,,,,1,#VALUE!,#VALUE!,
,Rare,,,1,,N/A,N/A,1.96,N/A,N/A,,0.2,,,,,,,,,,1,#VALUE!,#VALUE!,
,Epic,,,1,,N/A,N/A,1.37,N/A,N/A,,0.2,,,,,,,,,,1,#VALUE!,#VALUE!,
,Legendary,,,1,,N/A,N/A,0.96,N/A,N/A,,0.2,,,,,,,,,,1,#VALUE!,#VALUE!,
,Mythic,,,1,,N/A,N/A,0.67,N/A,N/A,,0.2,,,,,,,,,,1,#VALUE!,#VALUE!,
,Ultra,,,1,,N/A,N/A,0.47,N/A,N/A,,0.2,,,,,,,,,,1,#VALUE!,#VALUE!,
,Super,,,1,,N/A,N/A,0.33,N/A,N/A,,0.2,,,,,,,,,,1,#VALUE!,#VALUE!,
,Unique,,,1,,N/A,N/A,0.23,N/A,N/A,,0.2,,,,,,,,,,1,#VALUE!,#VALUE!,
Mysterious Relic,Common,,53,N/A,No,N/A,N/A,N/A,N/A,N/A,Flower Health,10%,N/A,,None,None,"Does not orbit the user.
Makes the user appear reddish. This change is visible in the top left UI. If the user takes damage, all other nearby relic users take a percentage of the damage too, spreading it out.
If equipped while using Ant Eggs, the eggs will hatch Soldier Termites instead of Soldier Ants, which share damage between each other and the player.","Baby Termite
Soldier Termite
Worker Termite
Termite Overmind
Termite Mound",,,,1,#VALUE!,#VALUE!,
,Unusual,,,N/A,,N/A,N/A,N/A,N/A,N/A,,20%,,,,,,,,,,1,#VALUE!,#VALUE!,
,Rare,,,N/A,,N/A,N/A,N/A,N/A,N/A,,30%,,,,,,,,,,1,#VALUE!,#VALUE!,
,Epic,,,N/A,,N/A,N/A,N/A,N/A,N/A,,40%,,,,,,,,,,1,#VALUE!,#VALUE!,
,Legendary,,,N/A,,N/A,N/A,N/A,N/A,N/A,,50%,,,,,,,,,,1,#VALUE!,#VALUE!,
,Mythic,,,N/A,,N/A,N/A,N/A,N/A,N/A,,60%,,,,,,,,,,1,#VALUE!,#VALUE!,
,Ultra,,,N/A,,N/A,N/A,N/A,N/A,N/A,,70%,,,,,,,,,,1,#VALUE!,#VALUE!,
,Super,,,N/A,,N/A,N/A,N/A,N/A,N/A,,80%,,,,,,,,,,1,#VALUE!,#VALUE!,
,Unique,,,N/A,,N/A,N/A,N/A,N/A,N/A,,90%,,,,,,,,,,1,#VALUE!,#VALUE!,
Rice,Common,,24,1,Yes,4,1,0.1,N/A,19.048,N/A,,,,Far,Close,N/A,Baby Ant,,,,0,0,1,
,Unusual,,,1,,12,3,0.1,N/A,57.143,,,,,,,,,,,,0,0,1,
,Rare,,,1,,36,9,0.1,N/A,171.429,,,,,,,,,,,,0,0,1,
,Epic,,,1,,108,27,0.1,N/A,514.286,,,,,,,,,,,,0,0,1,
,Legendary,,,1,,324,81,0.1,N/A,1542.857,,,,,,,,,,,,0,0,1,
,Mythic,,,1,,972,243,0.1,N/A,13885.714,,,,,,,,,,,,0,0,1,
,Ultra,,,1,,2916,729,0.1,N/A,111085.714,,,,,,,,,,,,0,0,1,
,Super,,,1,,8748,2187,0.1,N/A,916457.143,,,,,,,,,,,,0,0,1,
,Unique,,,1,,26244,6561,0.1,N/A,607489.712,,,,,,,,,,,,1,2.6244,2.6244,
Rock,Common,,3,1,Yes,15,45,4,N/A,3.606,N/A,,,,Somewhat Far,Somewhat Close,N/A,Rock,,,,0,0,1,
,Unusual,,,1,,45,135,4,N/A,21.635,,,,,,,,,,,,0,0,1,
,Rare,,,1,,135,405,4,N/A,162.26,,,,,,,,,,,,0,0,1,
,Epic,,,1,,405,1215,4,N/A,1265.625,,,,,,,,,,,,0,0,1,
,Legendary,,,1,,1215,3645,4,N/A,7883.01,,,,,,,,,,,,1,1.458,1.458,
,Mythic,,,1,,3645,10935,4,N/A,46705.033,,,,,,,,,,,,1,4.374,4.374,
,Ultra,,,1,,10935,32805,4,N/A,207570.116,,,,,,,,,,,,1,13.122,13.122,
,Super,,,1,,32805,98415,4,N/A,741741.505,,,,,,,,,,,,1,39.366,39.366,
,Unique,,,1,,98415,295245,4,N/A,2376657.288,,,,,,,,,,,,1,118.098,118.098,
Root,Common,,65,1,No,N/A,N/A,5,N/A,N/A,Armor,2.5,N/A,,None,Close,Increases armor if the flower is defending. See Statuses for info on armor.,Leafbug,,,,1,#VALUE!,#VALUE!,
,Unusual,,,1,,N/A,N/A,5,N/A,N/A,,7.5,,,,,,,,,,1,#VALUE!,#VALUE!,
,Rare,,,1,,N/A,N/A,5,N/A,N/A,,22.5,,,,,,,,,,1,#VALUE!,#VALUE!,
,Epic,,,1,,N/A,N/A,5,N/A,N/A,,67.5,,,,,,,,,,1,#VALUE!,#VALUE!,
,Legendary,,,1,,N/A,N/A,5,N/A,N/A,,202.5,,,,,,,,,,1,#VALUE!,#VALUE!,
,Mythic,,,1,,N/A,N/A,5,N/A,N/A,,607.5,,,,,,,,,,1,#VALUE!,#VALUE!,
,Ultra,,,1,,N/A,N/A,5,N/A,N/A,,1052.2,,,,,,,,,,1,#VALUE!,#VALUE!,
,Super,,,1,,N/A,N/A,5,N/A,N/A,,1822.5,,,,,,,,,,1,#VALUE!,#VALUE!,
,Unique,,,1,,N/A,N/A,5,N/A,N/A,,3156.7,,,,,,,,,,1,#VALUE!,#VALUE!,
Rose,Common,,5,1,Yes,5,5,3.5,1,1.366,Heal,8,N/A,,None,Close,"Heals the user, or if at full health, nearby friendly flowers. The petal then goes on respawn. In Hel, nearby players will not be healed unless they are in the user's squad.","Ladybug (Light)
Ladybug (Shiny)",,,7.5,0,0,1,
,Unusual,,,1,,15,15,3.5,1,4.098,,23,,,,,,,,,,0,0,1,
,Rare,,,1,,45,45,3.5,1,12.295,,68,,,,,,,,,,0,0,1,
,Epic,,,1,,135,135,3.5,1,73.77,,203,,,,,,,,,,0,0,1,
,Legendary,,,1,,405,405,3.5,1,553.279,,608,,,,,,,,,,0,0,1,
,Mythic,,,1,,1215,1215,3.5,1,4315.574,,1823,,,,,,,,,,0,0,1,
,Ultra,,,1,,3645,3645,3.5,1,25959.408,,3157,,,,,,,,,,1,1.458,1.458,
,Super,,,1,,10935,10935,3.5,1,148835.232,,5468,,,,,,,,,,1,4.374,4.374,
,Unique,,,1,,32805,32805,3.5,1,641263.273,,9470,,,,,,,,,,1,13.122,13.122,
Rubber,Common,,62,1,Yes,1,30,2.5,N/A,0.376,Knockback,0.3,N/A,,Far,Close,"Increases knockback received. Negates all lightning damage, causing damage to go to the petal instead. ",Termite Mound,,,,0,0,1,
,Unusual,,,1,,3,90,2.5,N/A,1.128,,0.6,,,,,,,,,,0,0,1,
,Rare,,,1,,9,270,2.5,N/A,10.15,,0.9,,,,,,,,,,0,0,1,
,Epic,,,1,,27,810,2.5,N/A,91.353,,1.2,,,,,,,,,,0,0,1,
,Legendary,,,1,,81,2430,2.5,N/A,761.278,,1.5,,,,,,,,,,0,0,1,
,Mythic,,,1,,243,7290,2.5,N/A,3176.955,,1.8,,,,,,,,,,1,2.916,2.916,
,Ultra,,,1,,729,21870,2.5,N/A,13975.482,,2.1,,,,,,,,,,1,8.748,8.748,
,Super,,,1,,2187,65610,2.5,N/A,49643.326,,2.4,,,,,,,,,,1,26.244,26.244,
,Unique,,,1,,6561,196830,2.5,N/A,158664.442,,2.7,,,,,,,,,,1,78.732,78.732,
Salt,Common,,23,1,No,10,10,2.5,N/A,3.759,Damage Reflection,"50% (Against Common), 20% (other flowers)",,N/A,Far,Close,Reflects a percentage of damage taken (shield does not count) back to the attacker. Damage reflection listed is against mobs at the same rarity of the petal. Reflection is multiplied by 3 for mobs at each rarity below the petal and divided by 3 for mobs at each rarity above the petal. Reflects 20% of player damage for all rarities.,"Centipede (Desert)
Starfish",,1.25,,0,0,1,
,Unusual,,,1,,30,30,2.5,N/A,11.278,,"50% (Against Unusual), 20% (other flowers)",,,,,,,,,,0,0,1,
,Rare,,,1,,90,90,2.5,N/A,33.835,,"50% (Against Rare), 20% (other flowers)",,,,,,,,,,0,0,1,
,Epic,,,1,,270,270,2.5,N/A,304.511,,"50% (Against Epic), 20% (other flowers)",,,,,,,,,,0,0,1,
,Legendary,,,1,,810,810,2.5,N/A,2740.602,,"50% (Against Legendary), 20% (other flowers)",,,,,,,,,,0,0,1,
,Mythic,,,1,,2430,2430,2.5,N/A,22838.346,,"50% (Against Mythic), 20% (other flowers)",,,,,,,,,,0,0,1,
,Ultra,,,1,,7290,7290,2.5,N/A,95308.644,,"50% (Against Ultra), 20% (other flowers)",,,,,,,,,,1,2.916,2.916,
,Super,,,1,,21870,21870,2.5,N/A,419264.464,,"50% (Against Super), 20% (other flowers)",,,,,,,,,,1,8.748,8.748,
,Unique,,,1,,65610,65610,2.5,N/A,1489299.785,,"50% (Against Unique), 20% (other flowers)",,,,,,,,,,1,26.244,26.244,
Sand,Common,,26,4,Yes,5,1.2,1.5,N/A,12.048,N/A,,,,Far,Close,N/A,"Sandstorm
Starfish
Crab",,,,0,0,1,
,Unusual,,,4,,15,3.8,1.5,N/A,36.145,,,,,,,,,,,,0,0,1,
,Rare,,,4,,45,11.3,1.5,N/A,108.434,,,,,,,,,,,,0,0,1,
,Epic,,,4,,135,33.8,1.5,N/A,325.301,,,,,,,,,,,,0,0,1,
,Legendary,,,4,,405,101.3,1.5,N/A,1951.807,,,,,,,,,,,,0,0,1,
,Mythic,,,4,,1215,303.8,1.5,N/A,11710.843,,,,,,,,,,,,0,0,1,
,Ultra,,,4,,3645,911.3,1.5,N/A,87831.325,,,,,,,,,,,,0,0,1,
,Super,,,4,,10935,2733.8,1.5,N/A,434267.454,,,,,,,,,,,,1,1.09352,1.09352,
,Unique,,,4,,32805,8201.3,1.5,N/A,2178261.774,,,,,,,,,,,,1,3.28052,3.28052,
Shell,Common,,36,1,Yes,5,25,3.5,1.5,1.366,Shield,7,N/A,,None,Close,"Add a shield to the user, or if at full health shield, nearby friendly flowers. The petal then goes on respawn. In Hel, nearby players will not be shielded unless they are in the user's squad.
 The shield is in addition to normal health and serves as extra HP. All incoming damage applies to the shield before the player. The shield slowly decays while active. The shield's decay rate is correlated with the shield's HP, meaning a higher shield value decays faster.
The shield is not considered healing and unaffected by Healing Received or Medic.",Shell,,,,0,0,1,
,Unusual,,,1,,15,75,3.5,1.5,4.098,,21,,,,,,,,,,0,0,1,
,Rare,,,1,,45,225,3.5,1.5,36.885,,63,,,,,,,,,,0,0,1,
,Epic,,,1,,135,675,3.5,1.5,258.197,,189,,,,,,,,,,0,0,1,
,Legendary,,,1,,405,2025,3.5,1.5,2323.77,,567,,,,,,,,,,0,0,1,
,Mythic,,,1,,1215,6075,3.5,1.5,12120.074,,1701,,,,,,,,,,1,2.43,2.43,
,Ultra,,,1,,3645,18225,3.5,1.5,60666.781,,2946,,,,,,,,,,1,7.29,7.29,
,Super,,,1,,10935,54675,3.5,1.5,234183.754,,5103,,,,,,,,,,1,21.87,21.87,
,Unique,,,1,,32805,164025,3.5,1.5,776792.28,,8839,,,,,,,,,,1,65.61,65.61,
Shovel,Common,,73,1,No,N/A,N/A,15.0,2,N/A,N/A,,,,None,Close,"If active, turns the user invincible and untargetable (indicated by a grey outline) upon defending, but disables all petals and slows movement speed upon activation. Duration is the usage respawn.","Ant Hole
Worm",,,,1,#VALUE!,#VALUE!,
,Unusual,,,1,,N/A,N/A,13.4,2,N/A,,,,,,,,,,,,1,#VALUE!,#VALUE!,
,Rare,,,1,,N/A,N/A,11.8,2,N/A,,,,,,,,,,,,1,#VALUE!,#VALUE!,
,Epic,,,1,,N/A,N/A,10.1,2,N/A,,,,,,,,,,,,1,#VALUE!,#VALUE!,
,Legendary,,,1,,N/A,N/A,8.5,2,N/A,,,,,,,,,,,,1,#VALUE!,#VALUE!,
,Mythic,,,1,,N/A,N/A,6.9,2,N/A,,,,,,,,,,,,1,#VALUE!,#VALUE!,
,Ultra,,,1,,N/A,N/A,5.2,2,N/A,,,,,,,,,,,,1,#VALUE!,#VALUE!,
,Super,,,1,,N/A,N/A,3.6,2,N/A,,,,,,,,,,,,1,#VALUE!,#VALUE!,
,Unique,,,1,,N/A,N/A,2.0,2,N/A,,,,,,,,,,,,1,#VALUE!,#VALUE!,
Soil,Common,,41,1,Yes,10,10,2.5,N/A,3.759,Flower Health; Extra Radius,50,10,N/A,None,Close,"Increases the Max Health of the user. See Statuses for info on Max Health.
Increases flower hitbox and petal radius (range is not increased relative to the flower). The flower will not grow if near a wall. Disables flower collisions for the user near portals. Decreases the pulling effect from super sandstorms.
Decreases movement speed.","Ant Hole
Termite Mound
Worm",,,,0,0,1,
,Unusual,,,1,,30,30,2.5,N/A,11.278,,150,10,,,,,,,,,0,0,1,
,Rare,,,1,,90,90,2.5,N/A,33.835,,450,10,,,,,,,,,0,0,1,
,Epic,,,1,,270,270,2.5,N/A,304.511,,1350,10,,,,,,,,,0,0,1,
,Legendary,,,1,,810,810,2.5,N/A,2740.602,,4050,10,,,,,,,,,0,0,1,
,Mythic,,,1,,2430,2430,2.5,N/A,22838.346,,12150,10,,,,,,,,,0,0,1,
,Ultra,,,1,,7290,7290,2.5,N/A,95308.644,,36450,10,,,,,,,,,1,2.916,2.916,
,Super,,,1,,21870,21870,2.5,N/A,419264.464,,109350,10,,,,,,,,,1,8.748,8.748,
,Unique,,,1,,65610,65610,2.5,N/A,1489299.785,,328050,10,,,,,,,,,1,26.244,26.244,
Sponge,Common,,40,1,Yes,N/A,N/A,2.5,N/A,N/A,Period (sec),4.5,N/A,,None,Close,"Absorbs 98% of incoming damage (except poison) to the flower. This damage is dealt over time as designated by the period stat. If the petal is unequipped, all damage yet to be dealt is dealt instantly.",Sponge,,,,1,#VALUE!,#VALUE!,
,Unusual,,,1,,N/A,N/A,2.5,N/A,N/A,,8.4,,,,,,,,,,1,#VALUE!,#VALUE!,
,Rare,,,1,,N/A,N/A,2.5,N/A,N/A,,12.1,,,,,,,,,,1,#VALUE!,#VALUE!,
,Epic,,,1,,N/A,N/A,2.5,N/A,N/A,,15.7,,,,,,,,,,1,#VALUE!,#VALUE!,
,Legendary,,,1,,N/A,N/A,2.5,N/A,N/A,,19.2,,,,,,,,,,1,#VALUE!,#VALUE!,
,Mythic,,,1,,N/A,N/A,2.5,N/A,N/A,,22.6,,,,,,,,,,1,#VALUE!,#VALUE!,
,Ultra,,,1,,N/A,N/A,2.5,N/A,N/A,,25.9,,,,,,,,,,1,#VALUE!,#VALUE!,
,Super,,,1,,N/A,N/A,2.5,N/A,N/A,,29.2,,,,,,,,,,1,#VALUE!,#VALUE!,
,Unique,,,1,,N/A,N/A,2.5,N/A,N/A,,32.5,,,,,,,,,,1,#VALUE!,#VALUE!,
Square,Common,,4,1,Yes,0,0,60,N/A,0,N/A,,,,Far,Close,"Spawns as a friendly square mob of equal rarity.
Does not damage other players' summoned mobs.
Cannot go through walls.
100% crafting chance.",Square,,,,0,0,1,
,Unusual,,,1,,0,0,60,N/A,0,,,,,,,,,,,,0,0,1,
,Rare,,,1,,0,0,60,N/A,0,,,,,,,,,,,,0,0,1,
,Epic,,,1,,0,0,60,N/A,0,,,,,,,,,,,,0,0,1,
,Legendary,,,1,,0,0,60,N/A,0,,,,,,,,,,,,0,0,1,
,Mythic,,,1,,0,0,60,N/A,0,,,,,,,,,,,,0,0,1,
,Ultra,,,1,,0,0,120,N/A,0,,,,,,,,,,,,0,0,1,
,Super,,,1,,0,0,600,N/A,0,,,,,,,,,,,,0,0,1,
,Unique,,,1,,0,0,3600,N/A,0,,,,,,,,,,,,0,0,1,
Starfish,Common,,31,1,Yes,5,7,1.5,N/A,3.012,Heal (/s),2,N/A,,Far,Close,Heals the user at a constant rate but only if the user is below 75% HP.,Starfish,,2.25,,0,0,1,
,Unusual,,,1,,15,21,1.5,N/A,9.036,,7,,,,,,,,,,0,0,1,
,Rare,,,1,,45,63,1.5,N/A,27.108,,20,,,,,,,,,,0,0,1,
,Epic,,,1,,135,189,1.5,N/A,162.651,,61,,,,,,,,,,0,0,1,
,Legendary,,,1,,405,567,1.5,N/A,1463.855,,182,,,,,,,,,,0,0,1,
,Mythic,,,1,,1215,1701,1.5,N/A,13174.699,,547,,,,,,,,,,0,0,1,
,Ultra,,,1,,3645,5103,1.5,N/A,50255.147,,947,,,,,,,,,,1,2.0412,2.0412,
,Super,,,1,,10935,15309,1.5,N/A,215072.608,,1640,,,,,,,,,,1,6.1236,6.1236,
,Unique,,,1,,32805,45927,1.5,N/A,752159.292,,2841,,,,,,,,,,1,18.3708,18.3708,
Mysterious Stick,Common,,45,1,Yes,1,10,4,20,0.24,"Spawn, Duration",x2 Sandstorm (Common),40,N/A,None,Close,"Spawns a friendly Sandstorm every few seconds as determined by the Usage Respawn value (petal must be alive). These sandstorms have normal Sandstorm AI (can't be aggressive). Can spawn a maximum of 2 Sandstorms. If the petal dies, its respective Sandstorms die. Sandstorms die after losing all their health or after the duration is up. Summoned mobs can damage other summoned mobs from non-squad members.
Cannot go through walls.","With no Orb equipped:
Sandstorm",,,,0,0,1,
,Unusual,,,1,,3,30,4,25.2,0.721,,x2 Sandstorm (Unusual),45.2,,,,,,,,,0,0,1,
,Rare,,,1,,9,90,4,30.5,2.163,,x2 Sandstorm (Rare),50.5,,,,,,,,,0,0,1,
,Epic,,,1,,27,270,4,2.5,19.471,,x2 Sandstorm (Rare),22.5,,,,,,,,,0,0,1,
,Legendary,,,1,,81,810,4,3.7,175.24,,x2 Sandstorm (Epic),23.7,,,,,,,,,0,0,1,
,Mythic,,,1,,243,2430,4,10.7,1460.337,,x2 Sandstorm (Legendary),30.7,,,,,,,,,0,0,1,
,Ultra,,,1,,729,7290,4,22.3,7510.472,,x2 Sandstorm (Mythic),42.3,,,,,,,,,1,2.916,2.916,
,Super,,,1,,2187,21870,4,92.3,37054.3,,x2 Sandstorm (Ultra),112.3,,,,,,,,,1,8.748,8.748,
,Unique,,,1,,6561,65610,4,9.4,141582.427,,x2 Sandstorm (Ultra),29.4,,,,,,,,,1,26.244,26.244,
Magic Stick,Common,,89,1,Yes,1,10,4,4.0,0.24,"Spawn, Spawn Cost (mana), Maintenance Cost (mana/sec)",Sandstorm (Common),23,1.5,None,Close,"Spawns a friendly Sandstorm every few seconds as determined by the Usage Respawn value (petal must be alive) and mana availability. These sandstorms have normal Sandstorm AI (can't be aggressive). Summoned mobs can damage other summoned mobs from non-squad members. Active sandstorms consume mana as determined by the maintenance cost. Sandstorms die after losing all their health or if mana is depleted.
Cannot go through walls.","With Orb equipped:
Sandstorm",,,,0,0,1,
,Unusual,,,1,,3,30,4,5.0,0.721,,Sandstorm (Unusual),46,3,,,,,,,,0,0,1,
,Rare,,,1,,9,90,4,6.1,2.163,,Sandstorm (Rare),92,6,,,,,,,,0,0,1,
,Epic,,,1,,27,270,4,0.5,19.471,,Sandstorm (Rare),184,12,,,,,,,,0,0,1,
,Legendary,,,1,,81,810,4,0.7,175.24,,Sandstorm (Epic),368,24,,,,,,,,0,0,1,
,Mythic,,,1,,243,2430,4,2.1,1460.337,,Sandstorm (Legendary),736,48,,,,,,,,0,0,1,
,Ultra,,,1,,729,7290,4,4.5,7510.472,,Sandstorm (Mythic),1472,96,,,,,,,,1,2.916,2.916,
,Super,,,1,,2187,21870,4,18.5,37054.3,,Sandstorm (Ultra),2944,192,,,,,,,,1,8.748,8.748,
,Unique,,,1,,6561,65610,4,1.9,141582.427,,Sandstorm (Ultra),5888,384,,,,,,,,1,26.244,26.244,
Blood Stinger,Common,,63,1,Yes,100,2,7.5,N/A,13.055,Self Damage,5,N/A,,Far,Close,Deals some damage to the flower when it is spawned. The petal cannot deal fatal self damage.,Wasp,,,,0,0,1,
,Unusual,,,1,,300,6,7.5,N/A,39.164,,15,,,,,,,,,,0,0,1,
,Rare,,,1,,900,18,7.5,N/A,117.493,,45,,,,,,,,,,0,0,1,
,Epic,,,1,,2700,54,7.5,N/A,352.48,,135,,,,,,,,,,0,0,1,
,Legendary,,,1,,8100,162,7.5,N/A,2114.883,,405,,,,,,,,,,0,0,1,
,Mythic,,,3,,8100,162,7.5,N/A,6344.648,,405,,,,,,,,,,0,0,1,
,Ultra,,,5,,14580,292,7.5,N/A,28550.914,,421,,,,,,,,,,0,0,1,
,Super,,,5,,43740,875,7.5,N/A,256958.225,,729,,,,,,,,,,0,0,1,
,Unique,,,5,,131220,2624,7.5,N/A,1976676.77,,1263,,,,,,,,,,1,1.0496,1.0496,
Stinger,Common,,6,1,Yes,100,2,10,N/A,9.843,N/A,,,,Far,Close,N/A,"With no Orb equipped:
Bee",,,,0,0,1,
,Unusual,,,1,,300,6,10,N/A,29.528,,,,,,,,,,,,0,0,1,
,Rare,,,1,,900,18,10,N/A,88.583,,,,,,,,,,,,0,0,1,
,Epic,,,1,,2700,54,10,N/A,265.748,,,,,,,,,,,,0,0,1,
,Legendary,,,1,,8100,162,10,N/A,1594.488,,,,,,,,,,,,0,0,1,
,Mythic,,,3,,8100,162,10,N/A,4783.465,,,,,,,,,,,,0,0,1,
,Ultra,,,5,,14580,291.6,10,N/A,21525.591,,,,,,,,,,,,0,0,1,
,Super,,,5,,43740,874.8,10,N/A,193730.315,,,,,,,,,,,,0,0,1,
,Unique,,,5,,0,2624.4,10,N/A,0,,,,,,,,,,,,1,1.04976,1.04976,
Magic Stinger,Common,,84,1,Yes,250,1,27,N/A,6250,N/A,,,,Far,Close,N/A,"With Orb equipped:
Bee
Wasp",,,,0,0,1,
,Unusual,,,1,,750,3,54,N/A,18750,,,,,,,,,,,,0,0,1,
,Rare,,,1,,2250,9,108,N/A,56250,,,,,,,,,,,,0,0,1,
,Epic,,,1,,6750,27,216,N/A,168750,,,,,,,,,,,,0,0,1,
,Legendary,,,1,,20250,81,432,N/A,506250,,,,,,,,,,,,0,0,1,
,Mythic,,,1,,60750,243,864,N/A,4556250,,,,,,,,,,,,0,0,1,
,Ultra,,,1,,182250,729,1728,N/A,36450000,,,,,,,,,,,,0,0,1,
,Super,,,1,,546750,2187,3456,N/A,300712500,,,,,,,,,,,,0,0,1,
,Unique,,,1,,1640250,6561,6912,N/A,1025156250,,,,,,,,,,,,1,2.6244,2.6244,
Talisman of Evasion,Common,,68,1,Yes*,10,10,2.5,N/A,3.759,Evasion,3%,N/A,,None,Close,Gives the user a chance of not taking damage from an attack. Does not work on poison or lightning. Increased by Luck. Stacks multiplicatively.,Beetle (Normal),,,,0,0,1,
,Unusual,,,1,,30,30,2.5,N/A,11.278,,6%,,,,,,,,,,0,0,1,
,Rare,,,1,,90,90,2.5,N/A,33.835,,9%,,,,,,,,,,0,0,1,
,Epic,,,1,,270,270,2.5,N/A,304.511,,12%,,,,,,,,,,0,0,1,
,Legendary,,,1,,810,810,2.5,N/A,2740.602,,15%,,,,,,,,,,0,0,1,
,Mythic,,,1,,2430,2430,2.5,N/A,22838.346,,18%,,,,,,,,,,0,0,1,
,Ultra,,,1,,7290,7290,2.5,N/A,95308.644,,21%,,,,,,,,,,1,2.916,2.916,
,Super,,,1,,21870,21870,2.5,N/A,419264.464,,24%,,,,,,,,,,1,8.748,8.748,
,Unique,,,1,,65610,65610,2.5,N/A,1489299.785,,27%,,,,,,,,,,1,26.244,26.244,
Third Eye,Common,,43,N/A,No,N/A,xf,N/A,N/A,N/A,Extra Range,0,N/A,,None,None,"Does not orbit the user.
Appears on their flower. This change is visible in the top left UI. Affects Attack Range. See Statuses for more info on Attack Range.","With no Orb equipped:
Spider
Spider (Hel)",,,,1,#VALUE!,#VALUE!,
,Unusual,,,N/A,,N/A,N/A,N/A,N/A,N/A,,0,,,,,,,,,,1,#VALUE!,#VALUE!,
,Rare,,,N/A,,N/A,N/A,N/A,N/A,N/A,,0,,,,,,,,,,1,#VALUE!,#VALUE!,
,Epic,,,N/A,,N/A,N/A,N/A,N/A,N/A,,0,,,,,,,,,,1,#VALUE!,#VALUE!,
,Legendary,,,N/A,,N/A,N/A,N/A,N/A,N/A,,40,,,,,,,,,,1,#VALUE!,#VALUE!,
,Mythic,,,N/A,,N/A,N/A,N/A,N/A,N/A,,90,,,,,,,,,,1,#VALUE!,#VALUE!,
,Ultra,,,N/A,,N/A,N/A,N/A,N/A,N/A,,140,,,,,,,,,,1,#VALUE!,#VALUE!,
,Super,,,N/A,,N/A,N/A,N/A,N/A,N/A,,190,,,,,,,,,,1,#VALUE!,#VALUE!,
,Unique,,,N/A,,N/A,N/A,N/A,N/A,N/A,,240,,,,,,,,,,1,#VALUE!,#VALUE!,
Tomato,Common,,60,1,Yes,See Special Stats,10,2.5,3,1.88,Min Damage; Max Damage,5,70,N/A,Far,Close,"Upon spawning, deals the minimum damage. However, after three seconds, it deals maximum damage and stays there. The petal size also grows over time, signifying how much damage it will deal.",Termite Overmind,,,,0,0,1,
,Unusual,,,1,,,30,2.5,3,5.639,,15,210,,,,,,,,,0,0,1,
,Rare,,,1,,,90,2.5,3,16.917,,45,630,,,,,,,,,0,0,1,
,Epic,,,1,,,270,2.5,3,152.256,,135,1890,,,,,,,,,0,0,1,
,Legendary,,,1,,,810,2.5,3,1370.301,,405,5670,,,,,,,,,0,0,1,
,Mythic,,,1,,,2430,2.5,3,11419.173,,1215,17010,,,,,,,,,0,0,1,
,Ultra,,,1,,,7290,2.5,3,47654.322,,3645,51030,,,,,,,,,1,2.916,2.916,
,Super,,,1,,,21870,2.5,3,209632.232,,10935,153090,,,,,,,,,1,8.748,8.748,
,Unique,,,1,,,65610,2.5,3,0,,0,459270,,,,,,,,,1,26.244,26.244,
Triangle,Common,,106,1,Yes,4,10,2.5,3,#VALUE!,Extra Damage per copy,N/A,,,Far,Close,,,,,,0,0,1,
,Unusual,,,1,,12,30,2.5,3,0,,,,,,,,,,,,0,0,1,
,Rare,,,1,,36,90,2.5,3,0,,,,,,,,,,,,0,0,1,
,Epic,,,1,,108,270,2.5,3,0,,,,,,,,,,,,0,0,1,
,Legendary,,,1,,324,810,2.5,3,0,,,,,,,,,,,,0,0,1,
,Mythic,,,1,,972,2430,2.5,3,0,,,,,,,,,,,,0,0,1,
,Ultra,,,1,,2916,7290,2.5,3,0,,,,,,,,,,,,1,2.916,2.916,
,Super,,,1,,4096,21870,2.5,3,0,,,,,,,,,,,,1,8.748,8.748,
,Unique,,,1,,8748,65610,2.5,3,0,,,,,,,,,,,,1,26.244,26.244,
Uranium,Common,,39,1,Yes,0,75,2.5,0.5,0,Poison,50,N/A,,Far - Lays Down,Close - Lays Down,"Inflicts poison damage on the user and all hostile entities large radius, with damage decreasing the further from the petal the entity is. When placed down, the petal goes on reload, allowing multiple Uranium petals to be placed at once (but only the closest uranium inflicts damage). See Statuses for info on poison.
Turns all mobile mobs aggressive (except sandstorm and bubble), even ones that normally can't be, if they were passive before. Cannot go through walls.",Digger,,,,0,0,1,
,Unusual,,,1,,0,225,2.5,0.5,0,,150,,,,,,,,,,0,0,1,
,Rare,,,1,,0,675,2.5,0.5,0,,450,,,,,,,,,,0,0,1,
,Epic,,,1,,0,2025,2.5,0.5,0,,1350,,,,,,,,,,0,0,1,
,Legendary,,,1,,0,6075,2.5,0.5,0,,4050,,,,,,,,,,1,2.43,2.43,
,Mythic,,,1,,0,18225,2.5,0.5,0,,12150,,,,,,,,,,1,7.29,7.29,
,Ultra,,,1,,0,54675,2.5,0.5,0,,36450,,,,,,,,,,1,21.87,21.87,
,Super,,,1,,0,164025,2.5,0.5,0,,109350,,,,,,,,,,1,65.61,65.61,
,Unique,,,1,,0,492075,2.5,0.5,0,,328050,,,,,,,,,,1,196.83,196.83,
Web,Common,,20,1,Yes,5,5,3,0.5,1.582,Duration; Radius,10,50,N/A,Shoots - Lays Down,Lays down in place,"Upon attacking, shoots in a straight line away from the flower for a short distance before stopping and laying down a web on the ground. Upon defending or unequipping the petal (if active), the petal lays a web on the ground where it is. If destroyed while shooting (but not while orbiting), a web will be laid down where the petal was destroyed. The web moderately slows down mobs (except Spiders, Hel Spiders and Shells) and hostile flowers that wander over it, not stacking with other webs but stacking with Pincer. Once a web is laid down, the petal goes on respawn. Webs do not deal damage once on the ground.
Cannot be shot through walls.",Spider,,,,0,0,1,
,Unusual,,,1,,15,15,3,0.5,4.747,,10,60,,,,,,,,,0,0,1,
,Rare,,,1,,45,45,3,0.5,14.241,,10,70,,,,,,,,,0,0,1,
,Epic,,,1,,135,135,3,0.5,85.443,,10,80,,,,,,,,,0,0,1,
,Legendary,,,1,,405,405,3,0.5,640.823,,10,100,,,,,,,,,0,0,1,
,Mythic,,,1,,1215,1215,3,0.5,4998.418,,10,150,,,,,,,,,0,0,1,
,Ultra,,,1,,3645,3645,3,0.5,28770.084,,10,200,,,,,,,,,1,1.458,1.458,
,Super,,,1,,10935,10935,3,0.5,158712.802,,10,250,,,,,,,,,1,4.374,4.374,
,Unique,,,1,,32805,32805,3,0.5,660955.672,,10,300,,,,,,,,,1,13.122,13.122,
Wing,Common,,8,1,Yes,20,10,2.5,N/A,7.519,N/A,,,,Far to Extremely Far,Close,"Upon attacking, moves away from the flower before going back in, effectively increasing the petal's range.","Firefly
Fly
Moth
",,,,0,0,1,
,Unusual,,,1,,60,30,2.5,N/A,22.556,,,,,,,,,,,,0,0,1,
,Rare,,,1,,180,90,2.5,N/A,67.669,,,,,,,,,,,,0,0,1,
,Epic,,,1,,540,270,2.5,N/A,609.023,,,,,,,,,,,,0,0,1,
,Legendary,,,1,,1620,810,2.5,N/A,5481.203,,,,,,,,,,,,0,0,1,
,Mythic,,,1,,4860,2430,2.5,N/A,45676.692,,,,,,,,,,,,0,0,1,
,Ultra,,,1,,14580,7290,2.5,N/A,190617.288,,,,,,,,,,,,1,2.916,2.916,
,Super,,,1,,43740,21870,2.5,N/A,838528.927,,,,,,,,,,,,1,8.748,8.748,
,Unique,,,1,,131220,65610,2.5,N/A,2978599.571,,,,,,,,,,,,1,26.244,26.244,
Yggdrasil,Common,,30,1,Yes,0,10,320,0.5,0,Revive Heal,20%,N/A,,Far,Close,"Automatically revives any ally dead players nearby, putting them at the specified HP. Petal goes on respawn afterward.",Ladybug (Shiny),,,,0,0,1,
,Unusual,,,1,,0,30,160,0.5,0,,20%,,,,,,,,,,0,0,1,
,Rare,,,1,,0,90,80,0.5,0,,20%,,,,,,,,,,0,0,1,
,Epic,,,1,,0,270,40,0.5,0,,20%,,,,,,,,,,0,0,1,
,Legendary,,,1,,0,810,20,0.5,0,,20%,,,,,,,,,,0,0,1,
,Mythic,,,1,,0,2430,7.5,0.5,0,,20%,,,,,,,,,,0,0,1,
,Ultra,,,1,,0,7290,2.5,0.5,0,,20%,,,,,,,,,,1,2.916,2.916,
,Super,,,1,,0,21870,1,0.5,0,,20%,,,,,,,,,,1,8.748,8.748,
,Unique,,,1,,0,65610,0.5,0.5,0,,20%,,,,,,,,,,1,26.244,26.244,
Yin Yang,Common,,19,1,Yes,10,10,2,N/A,4.63,N/A,,,,Far,Close,"Changes petal rotation patterns based on the number equipped, attempting to group petals into separate circles around the user. A single Yin Yang will reverse petal rotation. Full Yin Yangs will cause all to form a wavy line.",Ladybug (Dark),,,,0,0,1,
,Unusual,,,1,,30,30,2,N/A,13.889,,,,,,,,,,,,0,0,1,
,Rare,,,1,,90,90,2,N/A,41.667,,,,,,,,,,,,0,0,1,
,Epic,,,1,,270,270,2,N/A,375,,,,,,,,,,,,0,0,1,
,Legendary,,,1,,810,810,2,N/A,3375,,,,,,,,,,,,0,0,1,
,Mythic,,,1,,2430,2430,2,N/A,28125,,,,,,,,,,,,0,0,1,
,Ultra,,,1,,7290,7290,2,N/A,104696.809,,,,,,,,,,,,1,2.916,2.916,
,Super,,,1,,21870,21870,2,N/A,438482.673,,,,,,,,,,,,1,8.748,8.748,
,Unique,,,1,,65610,65610,2,N/A,1515516.16,,,,,,,,,,,,1,26.244,26.244,
Yucca,Common,,28,1,Yes,5,10,2.5,N/A,1.88,Heal (/s),2,N/A,,Far,Close - Heals,Heals the user at a constant rate but only if the user is defending.,"Baby Fire Ant
Worker Fire Ant
Soldier Fire Ant",,2.25,,0,0,1,
,Unusual,,,1,,15,30,2.5,N/A,5.639,,7,,,,,,,,,,0,0,1,
,Rare,,,1,,45,90,2.5,N/A,16.917,,20,,,,,,,,,,0,0,1,
,Epic,,,1,,135,270,2.5,N/A,152.256,,61,,,,,,,,,,0,0,1,
,Legendary,,,1,,405,810,2.5,N/A,1370.301,,182,,,,,,,,,,0,0,1,
,Mythic,,,1,,1215,2430,2.5,N/A,11419.173,,547,,,,,,,,,,0,0,1,
,Ultra,,,1,,3645,7290,2.5,N/A,47654.322,,947,,,,,,,,,,1,2.916,2.916,
,Super,,,1,,10935,21870,2.5,N/A,209632.232,,1640,,,,,,,,,,1,8.748,8.748,
,Unique,,,1,,32805,65610,2.5,N/A,744649.893,,2841,,,,,,,,,,1,26.244,26.244,